Perfil,Categoria,dif_pt_psdb,DEM,PCdoB,PDT,PEN,PHS,PMDB,PMN,PP,PPS,PR,PRB,PROS,PRP,PRTB,PSB,PSC,PSD,PSDB,PSDC,PSL,PSOL,PT,PTB,PTC,PTdoB,PTN,PV,S.PART.,SD,Total de deputados seguindo
@CamaraDeputados,"Instituição, partido, empresa",-11,13,9,10,1,2,34,,20,7,10,9,4,1,1,15,2,20,36,1,,3,47,13,1,1,3,2,,12,277
@folha,mídia,1,12,8,6,,1,25,1,17,5,9,4,5,1,,14,3,18,36,1,1,3,35,9,1,1,2,3,,9,230
@g1,mídia,-2,10,6,8,1,1,28,1,18,7,8,6,5,1,,15,3,18,30,1,,4,32,9,1,1,3,2,,7,226
@dilmabr,político,-41,3,10,11,1,3,26,,17,5,13,10,4,1,1,12,,15,15,1,1,3,56,8,,1,1,,,7,225
@Estadao,mídia,3,13,8,5,1,1,31,,15,8,10,4,5,1,,11,3,18,31,2,1,2,28,9,1,1,3,2,1,10,225
@CamaraNoticias,"Instituição, partido, empresa",-6,12,7,8,1,,20,,19,9,9,5,6,1,,10,2,18,31,1,,2,37,10,1,1,3,,,11,224
@BlogdoNoblat,jornalista,4,12,6,9,,3,24,1,14,8,9,5,6,,1,13,,16,36,1,1,2,32,10,,1,2,1,,7,220
@JornalOGlobo,mídia,2,10,7,6,,1,24,1,15,7,11,3,6,,,12,2,16,34,1,1,4,32,9,1,1,2,1,1,8,216
@VEJA,mídia,22,9,2,8,,2,21,1,17,6,9,5,6,1,,16,3,19,35,1,,1,13,9,1,1,3,2,1,9,201
@tvcamara,mídia,-9,9,7,9,1,1,24,,12,3,8,1,4,1,,11,1,14,26,1,,3,35,8,1,1,2,1,,8,192
@joseserra_,político,30,15,3,4,,,20,1,12,8,11,6,4,1,,8,1,20,42,1,1,1,12,8,,1,2,1,,9,192
@cartacapital,mídia,-22,3,10,5,,3,19,,8,5,5,3,6,1,1,13,1,11,21,1,1,4,43,4,1,1,3,2,1,9,185
@MiriamLeitaoCom,jornalista,6,10,4,4,,,26,1,12,8,6,6,4,,,11,1,13,28,1,,2,22,10,,1,3,2,,6,181
@SenadoFederal,"Instituição, partido, empresa",-14,7,4,7,1,,22,,14,7,8,5,3,1,,10,1,13,18,1,,2,32,8,1,1,2,2,,8,178
@STF_oficial,"Instituição, partido, empresa",-8,8,6,6,,2,20,1,10,4,8,3,5,,1,11,1,11,23,1,,3,31,7,1,1,1,1,,10,176
@congemfoco,mídia,0,8,4,6,,1,20,,13,7,6,1,3,1,1,10,,11,29,1,1,4,29,7,1,,3,1,,7,175
@cristilobo,jornalista,6,11,5,7,,1,19,1,8,5,7,3,3,1,1,12,,12,30,1,,2,24,5,1,1,3,1,,6,170
@RevistaEpoca,mídia,0,8,3,7,,1,19,1,12,8,7,4,4,1,,12,3,11,24,1,,2,24,8,,,1,2,,6,169
@blogplanalto,"Instituição, partido, empresa",-39,4,7,6,,1,20,1,11,3,7,2,5,,1,9,,10,10,1,1,2,49,5,1,1,2,1,,7,167
@silva_marina,político,4,3,2,7,,2,16,1,11,7,7,6,3,1,1,15,1,14,23,1,1,3,19,7,,1,2,3,,9,166
@radaronline,mídia,9,11,5,6,,1,20,1,11,8,7,4,1,,1,7,1,12,28,1,,1,19,7,1,,1,2,,6,162
@EstadaoPolitica,mídia,4,11,3,3,,3,18,1,10,4,6,5,4,,,8,1,10,26,,1,1,22,7,1,,2,1,,8,156
@GloboNews,mídia,-1,10,4,1,,1,15,1,12,5,7,3,3,1,,8,1,6,21,1,1,3,22,9,1,1,2,2,,6,147
@g1politica,mídia,-5,9,4,5,,2,18,1,9,5,4,1,2,,,7,1,12,20,1,,2,25,5,,1,2,1,,6,143
@UOLNoticias,mídia,1,11,5,2,,1,21,,10,2,5,2,4,1,,6,2,7,22,1,1,1,21,6,1,,1,3,1,5,142
@valor_economico,mídia,1,4,4,6,,1,19,1,7,6,4,3,5,1,1,6,1,6,25,1,,2,24,6,1,1,1,,1,5,142
@folha_poder,mídia,4,10,3,3,,1,14,,9,5,5,3,2,,1,7,1,12,24,,,3,20,5,1,1,2,2,,8,142
@Sen_Cristovam,político,-4,6,2,10,,2,12,1,7,3,3,3,6,1,1,8,,10,19,1,,2,23,6,,1,1,1,,9,138
@portalR7,mídia,-8,5,,3,,1,15,,12,2,6,7,3,,1,9,1,8,15,1,1,3,23,6,1,1,2,,,7,133
@DoraKramer,jornalista,8,12,4,3,,1,16,1,8,5,5,,1,,1,7,,11,27,,,1,19,4,,,1,1,,5,133
@blogdojosias,jornalista,-2,9,2,4,,1,17,1,6,8,4,1,1,,,5,,8,23,,1,2,25,5,1,1,2,1,,5,133
@geraldoalckmin_,político,33,10,,5,,,15,,7,5,4,3,3,1,,6,,14,40,1,,,7,4,,1,1,1,,3,131
@RevistaISTOE,mídia,0,7,2,5,,,14,1,6,3,6,2,3,1,,9,,5,23,1,1,1,23,7,1,1,2,1,,5,130
@Ancelmocom,jornalista,5,6,4,6,,2,13,1,8,5,6,2,1,,1,5,1,10,22,1,1,3,17,6,,,2,1,,5,129
@TerraNoticiasBR,mídia,-4,7,1,,,1,17,,8,2,6,4,3,1,1,4,2,6,21,1,,3,25,5,1,,,2,1,5,127
@AecioNeves,político,28,9,2,4,,,10,,7,4,5,1,,1,,8,1,12,38,,1,,10,4,,1,2,1,,6,127
@gcamarotti,jornalista,10,8,7,2,,1,17,,5,5,5,2,3,1,,7,,7,26,1,,2,16,5,1,,1,1,,3,126
@DepEduardoCunha,deputado,11,5,3,6,,2,22,,10,6,3,2,3,1,,7,2,8,23,,,,12,4,,,3,,,4,126
@monicabergamo,jornalista,1,5,6,3,,1,14,1,5,5,4,4,2,,1,4,,9,22,1,,2,21,5,1,,2,1,,6,125
@KennedyAlencar,jornalista,3,6,4,4,,,18,1,7,3,3,1,4,,1,5,,8,24,1,,4,21,5,,,1,,,4,125
@manudeputada,deputado,-25,3,11,4,,1,14,1,5,4,3,2,2,,1,7,1,9,7,,1,3,32,5,,1,,,,7,124
@MichelTemer,político,-15,2,2,5,,1,29,,7,1,6,2,4,1,1,3,,8,10,1,,1,25,6,,1,1,,,5,122
@observatorio,mídia,-20,3,5,3,,1,12,1,3,6,3,2,2,,1,10,,10,11,1,,2,31,6,,,1,1,,6,121
@padilhando,político,-34,,5,4,,,15,,7,2,3,1,3,,1,7,1,8,6,1,1,1,40,7,,1,1,,,6,121
@realwbonner,jornalista,9,5,3,3,,1,16,1,7,5,3,2,3,,1,6,,13,20,1,,1,11,5,1,,1,2,,8,119
@ultimosegundo,mídia,-11,6,5,6,,1,17,1,5,2,8,2,1,,1,5,,7,11,1,,2,22,6,,,1,1,,7,118
@bbcbrasil,mídia,-9,5,1,2,,1,16,,6,3,6,3,1,,1,8,1,6,16,1,,2,25,5,,1,2,1,,5,118
@jornalnacional,mídia,4,8,4,4,,,14,1,7,1,8,3,4,1,,5,1,9,19,,,,15,4,1,,1,,,7,117
@OGloboPolitica,mídia,7,7,1,2,,3,17,,11,2,6,1,1,,,6,,5,23,1,,2,16,4,,,1,,,7,116
@MarceloTas,jornalista,-6,7,2,5,,1,12,1,8,4,2,5,3,,1,6,,8,16,,,2,22,3,,1,,1,,5,115
@HenriqueEAlves,político,4,4,3,5,,,23,1,9,3,4,1,5,1,,7,,7,15,,1,1,11,6,,,,1,,5,113
@BarackObama,personalidade,2,8,1,5,,,9,1,8,3,4,4,3,1,1,4,,9,19,1,,2,17,5,,1,2,,,4,112
@brasil247,mídia,-29,2,6,2,,,13,,5,3,3,1,2,,1,6,,4,11,,1,3,40,3,,,1,1,,3,111
@SenadorCaiado,político,15,14,2,4,,,12,1,11,3,4,,2,1,,4,1,8,21,,1,,6,6,,,,1,,7,109
@jornaldacbn,mídia,-6,10,3,1,,,14,,3,3,8,1,,,,7,,7,15,1,,2,21,4,,1,2,2,,4,109
@reinaldoazevedo,jornalista,28,8,1,3,,1,15,,5,5,6,2,1,,,6,2,8,30,,,,2,4,,,1,1,,7,108
@CNJ_oficial,"Instituição, partido, empresa",-13,5,3,3,,1,14,,8,5,5,2,3,,,2,,6,12,1,,2,25,4,1,,2,,,4,108
@gleisi,político,-34,,5,4,,,15,,6,2,6,,3,,1,5,,6,4,,1,,38,5,,1,2,,,3,107
@luisnassif,jornalista,-29,3,7,3,,,9,1,3,4,1,,,,,7,,5,10,1,1,3,39,3,,,1,,,5,106
@JornaldoBrasil,mídia,-10,4,4,2,,1,12,1,4,3,7,2,4,,1,3,,7,12,1,1,2,22,6,,,1,,,4,104
@RadioCamara,"Instituição, partido, empresa",-13,4,4,2,1,1,11,,9,2,4,,3,,,4,,6,12,1,,1,25,4,1,1,1,,,5,102
@RomarioOnze,político,4,1,2,3,,1,11,1,4,2,6,3,6,1,,11,1,10,14,,1,1,10,4,,1,1,,,7,102
@minsaude,"Instituição, partido, empresa",-28,4,3,6,,,13,,7,1,2,1,3,1,1,6,,4,4,1,,2,32,4,,1,2,,,4,102
@jose_simao,jornalista,-5,5,3,2,,,16,,3,2,2,1,2,,1,5,2,1,15,1,1,4,20,6,,,2,,1,6,101
@blogdilmabr,"Instituição, partido, empresa",-43,,3,3,,1,12,,4,1,5,,1,,1,6,,5,2,1,1,,45,4,,1,,1,,2,99
@acmneto_,político,11,16,2,2,,,10,1,9,3,3,2,3,1,,2,,11,15,,,,4,4,,1,1,2,,6,98
@vaccarezza,político,-29,3,4,3,,,15,,5,1,3,,3,,1,2,,7,5,,1,,34,5,,1,,1,,3,97
@RadiodoMoreno,jornalista,-3,4,6,4,,,11,1,7,3,5,,3,,1,5,,4,14,1,,1,17,5,,,1,1,,3,97
@instagram,"Instituição, partido, empresa",8,4,2,4,,,7,1,7,3,3,5,4,,,4,,12,16,,1,3,8,3,1,1,1,2,,5,97
@alvarodias_,político,31,8,1,2,,,9,,7,2,4,,3,,,5,1,11,33,,,,2,4,,,,,,4,96
@pauloteixeira13,deputado,-35,1,4,3,,,14,,2,,1,,3,,1,5,,6,6,,1,3,41,1,,,1,,,2,95
@DepMarcoMaia,deputado,-26,2,1,4,,,16,,6,1,4,,4,,1,3,,6,5,,1,1,31,3,,1,,,,4,94
@rfalcao13,político,-38,2,4,3,,,9,,5,,4,,2,,1,3,,5,6,,1,2,44,1,,,,,,1,93
@STJnoticias,"Instituição, partido, empresa",-12,1,2,3,,1,11,1,8,4,3,2,1,,1,5,,8,10,1,,,22,3,,,,,,6,93
@_mariadorosario,deputado,-39,,3,2,,,8,1,6,1,2,1,2,,1,4,,4,4,,1,4,43,3,,1,,,,2,93
@TwitPic,"Instituição, partido, empresa",-9,3,3,2,,,14,1,6,4,2,,1,,1,2,,9,9,1,,2,18,6,,1,1,1,,5,92
@renataloprete,jornalista,4,8,2,1,,1,12,1,3,1,4,,2,,1,3,,7,19,,,2,15,4,,,1,1,,4,92
@exame_com,mídia,12,5,1,,,1,11,1,3,3,3,1,2,1,,8,1,4,22,1,,1,10,7,,,1,1,1,3,92
@FR_BSB,jornalista,-1,8,1,1,,1,14,,3,3,4,,2,,1,5,,5,15,,,2,16,4,,1,1,,,5,92
@Pontifex_pt,personalidade,-10,3,2,2,,1,11,,6,5,2,2,3,,,4,,7,10,,1,1,20,5,,,2,1,,2,90
@ricardoberzoini,político,-34,,2,6,,,9,,1,1,3,1,2,,1,1,,5,7,,1,,41,6,,,,,,3,90
@LindbergFarias,político,-30,1,4,2,,,11,,6,,5,1,3,,1,3,,5,4,,1,1,34,3,,,,,,4,89
@imprensaPR,"Instituição, partido, empresa",-25,3,3,3,,,12,,4,1,3,1,3,,1,4,,7,3,1,,2,28,5,1,1,,1,,2,89
@UOL,mídia,6,6,1,1,,,11,,6,2,4,2,1,,,3,,3,22,,,,16,3,1,,,1,,5,88
@ptbrasil,"Instituição, partido, empresa",-52,1,4,1,,,9,,1,,,1,1,,1,4,,2,2,,1,1,54,1,,,1,,,2,87
@showdavida,mídia,0,3,2,4,,,11,1,4,4,4,2,4,,,5,,7,11,1,,1,11,5,,1,,,,6,87
@jornalhoje,mídia,0,7,1,1,,,10,,8,4,4,2,1,,,5,,7,11,1,1,,11,6,,,1,1,,5,87
@esuplicy,político,-30,1,1,4,,1,9,1,3,,1,1,2,,1,3,1,5,6,,,2,36,5,,1,,,,2,86
@MonicaWaldvogel,jornalista,6,4,2,2,,,13,1,6,3,1,1,1,,1,2,,6,20,1,,1,14,4,,,,1,,1,85
@ECantanhede,jornalista,9,5,2,1,,1,14,,3,2,3,,1,,,4,,7,21,,,,12,5,1,,1,1,,1,85
@revistavoto,mídia,2,5,3,6,,,10,,8,3,1,,2,,1,5,,5,14,,,1,12,3,,,,2,,3,84
@freire_roberto,deputado,16,6,1,5,,,13,,3,9,2,2,1,,,3,,5,20,,,1,4,4,,1,,,,4,84
@TVBrasil,mídia,-24,4,1,1,,1,7,,4,2,3,,2,,,4,,7,5,1,,3,29,4,,,1,,,4,83
@portalbrasil,"Instituição, partido, empresa",-27,1,3,,,1,10,,7,3,3,,2,,1,1,,6,4,1,,1,31,3,,,2,,,3,83
@Aloysio_Nunes,político,29,7,,2,,,10,,4,3,2,2,1,,,2,,9,31,,1,,2,4,,,,,,3,83
@avozdobrasil,mídia,-19,2,4,2,,,9,,5,4,2,1,3,,1,2,1,6,4,1,1,2,23,4,,,2,1,,3,83
@joseagripino,político,15,14,,2,,,9,1,8,2,1,,3,,,3,,11,17,,,,2,3,,,1,1,,4,82
@ipeaonline,"Instituição, partido, empresa",-15,3,3,,,,10,,1,3,1,,1,,1,3,,3,11,1,,2,26,3,,1,2,2,,2,79
@aldorebelo,político,-7,5,8,2,,1,12,,4,1,2,,2,,1,5,,10,5,,,,12,5,,,,1,,3,79
@revistapiaui,mídia,-5,5,1,2,,,8,1,5,2,2,,1,,1,4,,4,12,1,,3,17,3,,,2,1,,3,78
@MartaSuplicy_,político,-24,,5,3,,,11,,3,1,1,,1,,1,5,,5,5,,1,2,29,4,,,,,,1,78
@gabeiracombr,político,-2,6,2,3,,,5,,2,3,5,,,,1,4,,5,14,,,1,16,3,,,,2,,6,78
@agenciabrasil,mídia,-21,1,4,3,,1,5,,4,3,2,,,,,4,,7,8,1,,2,29,3,,,1,,,,78
@Arturvneto,político,26,8,1,2,,,6,1,4,3,2,,1,1,,3,,9,28,,,,2,1,,1,,1,,4,78
@tvrecord,mídia,-3,4,,2,,,7,,3,2,4,7,1,,,2,,5,12,1,1,,15,4,1,,2,,,4,77
@TSEjusbr,"Instituição, partido, empresa",-5,6,2,4,,,11,,4,2,3,,2,,,4,,5,9,1,,2,14,4,,,1,,,3,77
@RedeGlobo,mídia,7,7,1,1,,,9,,5,4,5,1,5,,,2,,5,14,1,,,7,5,1,1,,,,3,77
@tarsogenro,político,-31,,4,4,,,8,,5,,1,,,,1,5,,3,4,,1,1,35,2,,1,,,,2,77
@g1brasil,mídia,-6,3,,1,,1,8,,6,4,1,1,3,1,,4,,5,10,,1,,16,3,1,,2,1,,5,77
@painelbrasiltv,mídia,-5,5,2,3,,1,9,,4,2,3,1,1,,1,3,1,7,9,,,2,14,4,,,,1,,3,76
@Rede45,"Instituição, partido, empresa",42,9,,1,,,4,,2,3,1,,,,,2,,3,43,,,,1,3,,,,,,3,75
@bandjornalismo,mídia,-2,2,,5,,,8,1,7,2,3,2,2,,1,7,,7,7,,,2,9,4,,1,1,,,4,75
@twibbon,"Instituição, partido, empresa",-4,6,4,,1,,6,1,2,,3,3,3,,1,1,,8,10,,,3,14,1,,1,1,1,,4,74
@tijolaco,mídia,-29,1,4,8,,,9,,3,,2,,2,,1,2,,2,2,,1,4,31,,,,,,,2,74
@gabriel_chalita,político,-10,3,3,1,,,12,,4,2,2,,1,,1,3,,6,8,,,,18,5,,1,,1,,3,74
@BlogdoMiro,mídia,-27,3,10,1,,1,5,,,1,1,,1,,1,4,,1,5,,1,3,32,2,,,,,,2,74
@revistasuper,mídia,-5,3,2,3,,,7,,7,3,1,2,2,,1,3,,6,9,,,2,14,4,,,,1,,3,73
@veramagalhaes,jornalista,1,8,1,1,,,8,1,4,1,3,,1,,1,1,,5,16,,,1,15,2,,,,1,,3,73
@TVNBR,mídia,-23,2,2,3,,,9,,3,1,3,,4,,1,2,,6,2,1,,2,25,2,,,1,1,,3,73
@joaquimboficial,personalidade,15,4,,2,,,8,,6,2,3,2,,1,,4,1,6,20,,,1,5,4,,,1,,1,2,73
@depChicoAlencar,deputado,-10,1,4,1,,,8,,4,2,3,,3,,1,4,,5,8,,,3,18,3,,1,,,1,3,73
@uneoficial,"Instituição, partido, empresa",-33,,8,2,,,3,,2,1,1,,1,,1,3,,3,4,,,2,37,1,,,1,,,2,72
@ReutersBrazil,mídia,-5,2,1,3,,,9,,7,,4,1,3,,1,4,,6,9,,,2,14,3,,,,1,,2,72
@ptnacional,"Instituição, partido, empresa",-49,1,3,2,,,5,,1,,,,1,,1,2,,,2,,1,,51,1,,,,,,1,72
@luiza_erundina,deputado,-17,,3,2,,,4,,1,2,3,,4,,1,8,,3,8,,,4,25,3,,,,1,,,72
@diImabr,personalidade,-29,1,4,2,,,7,,3,2,2,,1,,1,4,,3,3,1,1,1,32,3,,,,,,1,72
@eduardopaes_,político,-3,2,3,1,,,12,,8,,6,2,1,1,1,3,,5,8,1,,1,11,2,,,,,,4,72
@marchezan_,deputado,14,5,1,3,,,8,,7,2,1,,1,,,3,,3,20,,,1,6,4,,,2,,,4,71
@jeanwyllys_real,deputado,-20,1,5,1,,,4,,3,1,3,,2,,1,6,,2,7,,1,3,27,1,,1,1,,,1,71
@ColunaCH,mídia,3,6,2,1,,,14,,7,1,4,,2,1,,3,,5,10,,,,7,3,,,1,,,4,71
@BetoAlbuquerque,deputado,-1,1,3,2,,,8,,5,3,2,,3,,1,10,,5,9,,,1,10,4,,,,,,4,71
@ONUBrasil,"Instituição, partido, empresa",-12,1,3,,,,10,,4,3,,,1,,,2,,5,9,1,,2,21,4,,,,1,,2,69
@noaheverett,personalidade,-7,2,1,2,,,9,1,7,3,2,,1,,1,3,,8,6,,,1,13,3,,1,1,2,,2,69
@duarte_nogueira,deputado,24,6,,1,,,11,,2,2,2,,1,,,2,,4,27,,,,3,2,,,,1,,5,69
@jornalodia,mídia,-11,4,1,1,,,9,,4,,5,2,1,,,2,,7,6,1,,,17,3,,,,,1,5,69
@indio,deputado,13,7,,3,,,4,1,4,4,5,,2,,,1,1,13,16,,,,3,3,,,,,,2,69
@PTnaCamara,"Instituição, partido, empresa",-52,,2,1,,,4,,,,1,,,,1,,,1,1,,1,,53,2,,,,,,1,68
@KatiaAbreu,político,5,4,,4,,,15,1,10,1,2,1,2,,,4,,9,7,,,,2,5,,,,,,1,68
@LeonardoBoff,personalidade,-34,,3,1,,,6,,,,1,,,,1,3,,2,4,,1,4,38,2,,,,,,2,68
@diogomainardi,jornalista,13,4,,3,,,6,1,5,6,3,,,,1,4,2,6,17,,,,4,2,,,1,,,3,68
@CiroFGomes,político,-1,,2,2,,1,3,1,8,1,2,,4,,1,6,,5,10,,,1,11,5,,1,,,,4,68
@cartamaior,mídia,-28,,6,2,,1,4,,1,,1,,1,,1,4,,4,3,1,1,3,31,2,,,,,,2,68
@TV_Justica,"Instituição, partido, empresa",-8,2,1,1,,1,10,1,5,3,2,1,2,,1,3,1,8,5,1,,,13,3,,,1,,,2,67
@UOLPolitica,mídia,2,4,2,2,,1,11,,6,2,3,,1,,,3,,2,13,,1,1,11,1,,,1,,,2,67
@TrabalhoGovBr,"Instituição, partido, empresa",-24,,2,6,,,4,,5,1,3,,1,1,1,3,1,5,1,1,,1,25,1,,1,1,,,3,67
@millorfernandes,personalidade,-4,5,1,2,,,6,1,3,2,1,1,1,,1,1,,6,9,,,3,13,3,,1,1,1,,5,67
@MinCidades,"Instituição, partido, empresa",-20,,,1,,,7,,7,1,3,,3,,1,2,,7,4,1,,1,24,3,,,,,,2,67
@LucianoHuck,personalidade,4,4,1,1,,,4,1,5,3,2,2,1,,,5,,7,12,,,2,8,2,,,1,1,,5,67
@jandira_feghali,deputado,-23,,9,2,,1,6,,3,,,,2,,1,3,,3,4,,1,3,27,1,,,,,,1,67
@ParlaTube,mídia,-1,4,2,3,1,,3,,2,2,2,,1,,,10,,2,13,,1,1,14,,1,,1,,,3,66
@FelipePatury,jornalista,3,3,4,1,,,13,,3,2,4,1,2,,,2,,5,11,,,,8,3,,,,,,4,66
@Bob_Fernandes,jornalista,-17,2,3,1,,,5,,1,,1,1,2,,1,2,,1,9,,,4,26,3,,,1,,,3,66
@planejamentobr,"Instituição, partido, empresa",-26,,1,,,,8,,4,1,2,,2,,1,5,,4,1,1,,1,27,4,,,2,,,1,65
@RadioSenado,"Instituição, partido, empresa",-15,,1,2,,1,9,,6,3,3,,1,,,4,,5,4,1,,,19,4,,,,,,2,65
@SergioCabralRJ,político,-11,2,,2,,,13,,5,,4,,2,,1,1,,6,4,1,,1,15,5,,1,,,1,1,65
@marcus_pestana,deputado,30,6,2,,,,6,,2,3,1,,2,,,1,,2,33,,,,3,2,,1,,,,1,65
@cbonlinedf,mídia,-5,2,1,3,,1,9,,4,2,2,,1,,,2,,5,11,,,,16,3,,,1,,,2,65
@alessandromolon,deputado,-25,,1,1,,,7,,1,2,1,1,1,,1,4,,4,4,,1,4,29,1,,,,,,2,65
@DepRodrigoMaia,deputado,7,13,1,2,,,6,,4,1,3,,3,,,2,,9,10,,,,3,3,,,,,,4,64
@FlavioDino,político,-11,1,8,4,,,5,,3,2,2,,2,1,1,2,,4,5,,,2,16,3,,,,,,3,64
@DaniloGentili,personalidade,6,3,,2,,1,4,,9,1,,3,3,,,3,2,6,12,,,1,6,3,,,,,,5,64
@denirothenburg,jornalista,3,4,1,1,,1,9,,5,1,5,,3,,,2,,9,10,,,1,7,2,,,,,,3,64
@carosamigos,mídia,-24,,6,1,,,6,,1,,,,,,1,6,,2,3,1,1,4,27,3,,1,,,,1,64
@AecioBlog,político,23,5,,1,,,7,,7,2,2,,1,,,1,,8,24,,,,1,3,,1,,,,1,64
@Delcidio,político,-14,3,1,3,,,9,1,2,,1,,1,,1,2,,5,8,,,,22,2,,,,1,,2,64
@zedutra13,político,-28,,1,3,,,7,,2,,3,1,1,,1,2,1,2,3,,1,,31,2,,,,,,2,63
@VICENTINHOPT,deputado,-37,,1,3,,,5,,2,,1,1,1,,1,2,,2,,,1,1,37,1,,,,,,4,63
@petrobras,"Instituição, partido, empresa",-29,1,3,1,,,5,,3,2,1,,1,,1,1,,4,1,1,,2,30,4,,,1,,,1,63
@requiaopmdb,político,-15,2,3,4,,,13,,3,1,3,,,,1,3,,3,3,,,1,18,2,,,,1,,2,63
@efraimfilho,deputado,4,14,,3,,,6,,5,,2,,2,1,,2,,8,8,,,,4,2,,,,1,,5,63
@AdrianaVNews,jornalista,18,5,2,1,,,7,,4,1,3,,1,,,3,,4,21,,,1,3,2,,1,,,,4,63
@correiodobrasil,mídia,-17,5,3,5,,,6,,2,,1,,1,,1,3,,5,3,1,,1,20,4,,,,,,2,63
@cesarmaia,político,6,13,1,1,,,6,1,2,,4,,2,,1,1,,9,10,,,,4,3,,1,1,1,,2,63
@radiobandnewsfm,mídia,-2,4,,2,,,10,,3,1,1,1,1,,1,2,1,3,9,1,,,11,4,1,,2,,1,3,62
@helenachagas,jornalista,-10,3,5,1,,,8,,3,,1,1,1,,1,2,,4,8,,,1,18,3,,,,,,2,62
@ibgecomunica,"Instituição, partido, empresa",-16,1,4,,,,7,,4,2,2,,1,,,,,5,5,1,,1,21,3,,,1,1,,3,62
@RachelSherazade,jornalista,15,4,1,1,,1,7,,4,3,2,3,,,,1,2,4,17,,,,2,2,,,,1,,6,61
@zerohora,mídia,-7,3,1,3,,,8,,8,1,2,1,3,,,3,,2,7,,,1,14,1,,,,,,3,61
@Paulo_Bernardo,político,-15,,2,1,,,7,,7,2,2,,2,,1,3,,3,4,1,1,,19,4,,,,,,2,61
@onyxlorenzoni,deputado,9,12,1,3,,,9,,4,2,2,,1,,,1,1,3,12,,,,3,3,,,,1,,3,61
@blogdojefferson,político,11,3,,2,,,9,1,4,3,2,,2,,,2,,5,13,,1,,2,6,,1,,,,5,61
@vanessasenadora,político,-11,2,7,3,,,9,,4,,2,,2,,,4,,5,4,,,1,15,,,1,,,,1,60
@oab_brasil,"Instituição, partido, empresa",-9,2,2,3,,1,7,,3,1,,1,2,,,2,,3,8,1,,,17,2,,,,,,5,60
@aleluiacosta,deputado,8,13,1,3,,,2,,5,1,3,1,,,,1,,5,12,,,1,4,2,,,2,1,,3,60
@augustosnunes,jornalista,16,6,1,4,,,9,,4,1,1,,1,,,1,,5,19,,,,3,3,,,,,,2,60
@VIOMUNDO,mídia,-32,,6,,,,3,,,,1,,,,1,2,,2,2,,,3,34,4,,,,,,1,59
@pimentelminas,político,-18,2,1,1,,,4,,5,,1,,2,,1,2,1,3,6,,,,24,3,,1,,1,,1,59
@MPF_PGR,"Instituição, partido, empresa",-12,2,2,1,,,6,,5,1,,1,3,1,,2,,6,6,1,,,18,2,,,,,,2,59
@inst_lula,"Instituição, partido, empresa",-40,,4,1,,,5,,,,,,,,,3,,1,2,,,,42,,,,,,,1,59
@carlossampaio_,deputado,30,2,,,,,9,,3,1,2,,1,,,2,,3,31,,,,1,3,,,,,,1,59
@agenciapf,"Instituição, partido, empresa",-8,3,1,2,,,7,,3,1,1,1,2,,,3,1,7,6,1,,1,14,4,,,,,,1,59
@BomDiaBrasil,mídia,2,2,,1,,,9,,7,2,2,1,2,,,3,,3,9,1,1,,7,4,,,1,,,4,59
@anaamelialemos,político,-1,2,3,2,,,5,,18,1,3,,,,,3,,3,6,,,,7,2,,,,,,4,59
@eikebatista,personalidade,-2,4,,3,,,8,1,3,3,3,3,3,,1,2,,7,5,,,,7,,,1,,1,,3,58
@CulturaGovBr,"Instituição, partido, empresa",-27,,3,2,,,5,,2,,2,,,,1,2,,2,2,1,,2,29,2,,,1,,,2,58
@BetoRicha,político,15,3,,2,,,7,,6,2,2,1,,,,3,,2,20,,,,5,1,,1,,1,,2,58
@rafinhabastos,personalidade,-1,3,2,2,,,3,1,9,1,2,4,2,,1,3,,4,6,,,1,7,2,,,,,,4,57
@portaldaband,mídia,1,3,,,,,9,,5,1,2,,1,,,1,,2,13,1,,,12,4,,,,,,3,57
@OsmarTerra,deputado,-3,4,1,4,,,16,,4,1,,,1,,,3,,1,7,,,,10,3,,,,,,2,57
@GreenpeaceBR,"Instituição, partido, empresa",-7,,2,,,,4,,2,2,,,2,,1,2,,3,9,,1,4,16,3,,,1,2,,3,57
@DrRosinha,político,-28,,,1,,,7,,1,1,2,,1,,1,2,,1,3,,,2,31,3,,,,,,1,57
@emirsader,personalidade,-37,,6,1,,,4,,,,1,,,,1,3,,,,,1,1,37,,,,,,,2,57
@zehdeabreu,personalidade,-32,,3,1,,1,4,,,,2,,,,1,2,,4,1,,1,1,33,,,,,,,2,56
@LogDescarte,"Instituição, partido, empresa",-23,2,2,1,,,6,,3,2,2,,1,,1,2,,3,1,,1,,24,4,,,,,,1,56
@marconiperillo,político,23,4,,3,,,2,,3,2,4,1,1,,,3,,4,23,,,,,3,,,,1,,2,56
@JusticaGovBR,"Instituição, partido, empresa",-19,,1,1,1,,7,,3,2,4,1,2,,1,2,,4,1,1,,1,20,3,,,1,,,,56
@DiarioTucano,"Instituição, partido, empresa",41,5,,1,,,2,,1,1,1,,,,,1,,2,41,,,,,,,,,,,1,56
@pmoreiraleite,jornalista,-14,3,1,1,,,6,,,1,1,,,,1,2,,3,8,,,1,22,3,,,,,,2,55
@sgpolitico,"Instituição, partido, empresa",1,7,1,3,,,8,,5,,1,,2,,,4,,3,8,,,,7,1,,,2,,,3,55
@paulopaim,político,-23,,2,3,,,7,,3,,1,,1,,1,2,,5,3,,,,26,1,,,,,,,55
@MTurismo,"Instituição, partido, empresa",-17,,3,,,,10,,5,1,3,,1,,,1,,3,2,1,,1,19,4,,,,,,1,55
@MST_Oficial,"Instituição, partido, empresa",-34,,3,2,,,2,,2,1,,,,,1,2,1,1,,1,,4,34,,,,,,,1,55
@oserginho,personalidade,-1,2,,2,,,7,1,3,1,1,2,1,,1,3,,7,8,,,,9,2,,1,1,1,,2,55
@gilbertokassab_,político,0,4,,,,1,4,,4,,,,2,,,2,,22,5,,,,5,2,,,,,,4,55
@jornalextra,mídia,-4,2,1,2,,,7,,3,1,4,1,1,,,1,,4,7,1,,2,11,4,,,,1,,2,55
@cbnbrasilia,mídia,0,4,1,1,,1,7,,4,1,4,,1,,,3,,5,9,,,,9,1,,,,,,4,55
@AdvocaciaGeral,"Instituição, partido, empresa",-11,3,,1,,,7,,3,2,3,1,,,1,2,,8,5,1,,,16,,,,,,,2,55
@Sergio_Guerra,político,23,3,2,,,,2,,5,2,4,,,,,2,,5,23,,,,,1,,1,1,,,3,54
@TerezaCruvinel,jornalista,-7,2,3,1,,1,6,,2,1,2,,1,,1,1,,3,7,,1,1,14,4,,,,1,,2,54
@Natyribeiro_,personalidade,2,6,2,4,,,6,,5,3,1,1,,,,1,,4,8,,,,6,1,,1,,,,5,54
@MarceloFreixo,político,-11,1,1,1,,,4,,1,1,3,,3,,1,3,,3,6,,1,4,17,,,,,,1,3,54
@FafaSchmitt,personalidade,1,4,1,4,,,13,,5,2,2,,1,,,,1,4,8,,,,7,,,,,1,,1,54
@DHumanosBrasil,"Instituição, partido, empresa",-25,,2,,,,7,,4,2,1,,2,,1,1,,3,1,1,,1,26,2,,,,,,,54
@hootsuite,"Instituição, partido, empresa",-6,4,1,2,,,6,,3,3,2,,,,,3,1,4,4,,1,1,10,2,,1,2,1,,3,54
@DepRosedFreitas,deputado,0,4,2,3,,,13,,4,,1,,1,,,2,1,4,6,,,,6,3,,,,,,4,54
@andretrig,jornalista,-1,2,2,1,,,4,,1,1,,1,1,,,1,,4,12,,1,4,13,3,,,,2,,1,54
@ConversaAfiada,mídia,-27,,6,,,,5,,,,1,,,,1,3,,2,3,,1,1,30,,,,,,,1,54
@tvcultura,mídia,-5,3,1,,,,3,,4,1,1,,1,,,4,,6,7,1,,2,12,3,,,,1,,3,53
@MarioCezar2010,personalidade,-2,5,3,3,,,10,,2,2,1,,1,,,1,,3,7,,,2,9,1,,,,,,3,53
@MarcioPochmann,político,-27,,4,1,,,5,,,,1,,1,,1,1,,1,3,,1,1,30,2,,,,,,1,53
@fabiofaria5555,deputado,1,3,,1,,,4,1,10,,3,,4,1,,1,,9,5,,,,4,3,,,,2,,2,53
@HenriqueFontana,deputado,-26,,3,1,,,7,,4,,1,,2,,1,1,,1,2,,,,28,2,,,,,,,53
@Ricamconsult,personalidade,11,1,1,1,,1,9,,1,2,2,1,1,,,1,,3,16,,,,5,5,,,,,,2,52
@redebrasilatual,mídia,-26,,3,,,,8,,,,,,,,1,3,,1,,1,,3,26,3,,,1,,,2,52
@RollembergPSB,político,-1,4,1,2,,,8,,1,1,1,,3,,,7,,6,5,,,,6,1,,,,1,,5,52
@PTnoSenado,"Instituição, partido, empresa",-41,,,1,,,2,,,,,,,,1,1,,,1,,1,,42,2,,,,,,1,52
@marcoluque,personalidade,2,1,,2,,,5,1,4,1,1,3,3,,,2,,4,9,,,2,7,2,,1,1,,,3,52
@mdagovbr,"Instituição, partido, empresa",-21,,,1,,,5,,3,,1,,2,,1,3,,3,4,,,1,25,2,,,1,,,,52
@BrunoAraujo4511,deputado,22,2,2,2,,,6,,2,2,1,,1,,,2,,2,24,,,,2,2,,,,,,2,52
@Ativistas,"Instituição, partido, empresa",-5,7,3,3,,,5,,1,3,2,1,2,,1,1,,2,5,,,2,10,1,,1,,1,,1,52
@presidente_lula,"Instituição, partido, empresa",-24,,2,2,,,3,,5,,1,,1,,1,4,,1,1,,,,25,1,,1,,,,3,51
@pinheirosenador,político,-20,2,2,1,,,4,,2,,1,,,,,2,,5,4,,,,24,1,,1,1,,,1,51
@ProtogenesQ,político,-9,,7,2,,,7,,3,,2,,1,,1,3,,3,4,,1,1,13,1,,,1,,,1,51
@MEC_Comunicacao,"Instituição, partido, empresa",-17,,1,1,,,3,,3,1,2,,2,,,1,,2,4,1,,2,21,4,,,2,,,1,51
@JPT13,"Instituição, partido, empresa",-43,,1,,,,1,,,,,,,,1,,,,1,,1,,44,1,,,,,,1,51
@patriciapoetap,jornalista,1,2,1,2,,,5,1,1,2,3,3,1,,,3,,6,7,,,,6,3,,1,,,,4,51
@mendesthame,deputado,20,4,1,1,,,6,,3,,1,,2,,,1,,2,23,,,,3,2,,,,,,2,51
@ivetesangalo,personalidade,1,4,1,1,,,2,1,4,2,1,3,,,1,2,,7,7,,,1,6,2,,1,,1,,4,51
@ebcnarede,mídia,-15,1,2,,,,6,,3,1,1,,,,,3,,2,4,1,,2,19,4,,,1,,,1,51
@Haddad_Fernando,político,-27,,1,1,,,3,,1,,1,,,,1,3,,3,2,,1,1,29,3,,,,,,1,51
@humbertocostapt,político,-26,,5,3,,,5,,1,,1,,,,1,1,,2,2,,,,28,1,,,,,,1,51
@darcisioperondi,deputado,-3,3,1,4,,,17,,4,1,1,,2,,,1,,3,4,,,,7,2,,,,,,1,51
@PMDB_Nacional,,,1,,,,,35,,,1,,,1,,,,,1,1,,,,5,2,,,,,,3,50
@kibeloco,,,3,,,,1,7,,3,3,2,2,2,,1,,,4,9,,1,1,6,2,,,1,,,2,50
@KAKA,,,,2,,,,7,1,3,2,1,4,1,,1,4,1,6,7,,,,2,2,,1,,,,5,50
@eduardocampos40,,,1,3,1,,1,7,,1,2,1,1,2,,,14,,4,3,,1,,6,1,,,,,,1,50
@DepFelipeMaia,,,11,,,,,6,1,5,,3,,3,,,1,,5,9,,,,1,2,,,,,,3,50
@dilmanarede,,,,3,1,,,4,,2,,,,,,1,2,,1,1,,1,,29,1,,1,,,,3,50
@GaudTorquato,,,5,2,3,,,7,1,1,1,1,,,,1,2,,5,12,,,2,2,2,,,,1,,2,50
@cutnacional,,,,3,1,,,,,3,,,,,,1,2,,1,1,1,,,34,2,,,,,,1,50
@Brasil_de_Fato,,,,2,1,,,4,,,1,,,1,,1,3,,1,1,,,4,28,2,,,,,,1,50
@contas_abertas,,,3,1,1,,,6,,1,1,2,,1,,,1,,3,10,1,,2,13,1,,,,,,3,50
@BlogdoZeDirceu,,,1,3,,,,3,,1,,2,,,,,1,,2,3,,1,1,29,2,,,,,,1,50
@unicefbrasil,,,2,,,,,6,,4,,,,2,,1,3,,2,7,1,,1,16,2,,,1,,,1,49
@tvsenado,,,3,1,3,,,6,,6,1,2,1,,,,1,,3,3,1,,2,11,3,,,,1,,1,49
@vanderleimacris,,,1,,1,,,6,,1,1,3,,2,,,1,,2,26,,,,2,1,,,,,,2,49
@gilbertotv,,,4,2,1,,,7,,2,2,,1,2,,1,2,,3,8,,1,1,5,1,,,1,2,,3,49
@DefesaGovBr,,,2,,,,,5,,7,,3,,1,,1,2,,3,1,1,,2,17,3,,,1,,,,49
@RonaldoNobrega,,,5,1,6,,,6,,2,2,,,1,,,1,,3,8,,,,5,4,,,,1,,3,48
@portalvermelho,,,,9,,,,1,,,,,,1,,1,2,,,1,,,1,31,,,,,,,1,48
@roseannkennedy,,,4,1,2,,,9,1,,3,2,,,,,,,2,11,,,1,5,4,,,,,,3,48
@PBiaL,,,3,,,,,6,1,3,1,2,2,2,,1,2,,5,9,,,1,3,2,,1,1,,,3,48
@paulocoelho,,,5,,2,,,5,1,3,1,1,,1,,1,1,,3,5,,,,10,4,,1,,,,4,48
@DepBrunaFurlan,,,7,,,,,7,,3,1,2,1,1,,,2,,4,16,,,,3,,,,,,,1,48
@jose_anibal,,,2,,2,,,3,,2,2,1,,2,,,2,,2,25,,1,,1,2,,,,,,1,48
@Arnaldo_Jabor,,,4,,3,,,4,1,2,2,3,2,2,,,3,,8,5,,,,3,1,,,1,,,4,48
@politike,,,5,,5,,,7,1,4,1,,1,,,,1,,3,6,1,,1,3,3,1,,1,,,3,47
@rvianna,,,,3,,,,4,,1,,,,,,1,3,,1,1,,,2,27,2,,,,,,2,47
@RodrigoCastro45,,,2,,1,,1,5,,3,,2,,2,,,1,,3,20,,,,2,2,,1,1,,,1,47
@perpetua_acre,,,2,6,1,,1,9,,1,1,1,1,2,,,3,,3,4,,,1,9,,,,,,,2,47
@revistaforum,,,2,2,,,,5,,3,,,,,,1,2,,2,1,1,,2,22,1,,,2,,,1,47
@rodaviva,,,1,2,,,,3,1,5,1,1,,1,,1,3,,3,8,,,2,6,3,,,2,2,,2,47
@nytimes,,,2,1,,,1,3,,1,2,,1,1,,1,4,,3,9,,,2,11,4,,,,,,1,47
@TAMAirlines,,,1,,2,,,9,,3,1,2,3,,,1,3,,6,6,,,2,3,1,,,,,,3,46
@JuventudeDEM,,,16,,1,,,5,,3,2,,1,,,,1,,5,8,,,,1,,,,,,,3,46
@MarceloDMoraes,,,6,,3,,,4,,3,3,,,,,,2,,2,8,,,,10,1,,,1,,,3,46
@minc_rj,,,,1,1,,,2,,3,2,1,,,,1,,1,3,3,,1,3,22,,,,,1,,1,46
@Francischini_,,,2,,2,,,5,,4,2,2,,2,,,3,1,5,12,,,1,1,2,,,,,,2,46
@dep_paulinho,,,2,1,5,,,5,,,1,1,,2,,,3,,2,9,,,1,3,4,,,,,,7,46
@fernandomarroni,,,,1,2,,,7,,2,,,,2,,,1,,3,2,,,1,22,2,,,,,,1,46
@genetonmneto,,,4,2,2,,1,4,,2,2,,,2,,,3,,4,5,1,,,8,4,,,,,,2,46
@globoesportecom,,,2,1,,,,8,1,2,1,,2,1,1,,4,1,9,4,1,,,4,1,,,,1,,2,46
@DepBolsonaro,,,2,,1,,1,6,,7,2,2,1,1,,,3,2,4,10,,,,,1,,,1,,,2,46
@cguonline,,,1,1,1,1,,6,,3,,1,,2,,,2,,3,4,1,,,16,3,,,1,,,,46
@Alice_Portugal,,,1,8,1,,,4,,3,,,,2,,,2,,1,3,,,1,15,2,,,,,,3,46
@cassiocl,,,4,,2,,,7,,3,1,1,,,,,,,3,18,,,,3,,,,,,,4,46
@BoechatBandNews,,,1,1,,,,9,,,,3,,1,,,2,,2,11,1,,1,11,3,,,,,,,46
@sibamachado13,,,,1,1,,,,,2,,,1,1,,1,2,,1,1,,1,,32,,,,1,,,,45
@SoninhaFrancine,,,2,1,1,,,3,1,1,6,1,,,,,2,,4,15,,,1,3,1,,,,,,3,45
@RadioagenciaEBC,,,1,1,1,,,5,,4,,2,,2,,,3,,3,3,1,,1,12,4,,,1,,,1,45
@TCUoficial,,,1,,1,1,,7,,6,1,2,1,1,,,1,,3,4,,,,12,2,,,1,,,1,45
@otavioleite,,,4,,1,,,4,,2,,4,,2,,,,,3,19,,,,1,2,,,,,,3,45
@neymarjr,,,,1,,,,7,,3,,1,2,1,1,,3,,4,6,1,1,2,10,,,,1,,,1,45
@jaqueswagner,,,1,3,1,,,2,,3,,1,2,,,1,2,,1,1,,1,,24,1,,,1,,,,45
@demostenes_go,,,6,,1,,,3,1,5,2,4,,1,,,2,,7,6,,,1,2,2,,,,,,2,45
@YouTube,,,4,2,,,,2,,2,1,2,2,,,1,4,1,3,8,,,1,6,1,,,2,,,2,44
@pt_brasil,,,,1,1,,,,,,,,,,,1,,,,1,,,,39,1,,,,,,,44
@xicosa,,,1,5,1,,,3,,,,1,,,,1,1,1,,3,,,2,22,,,,,,,3,44
@RubensBuenoPPS,,,4,,2,,,5,,1,6,,1,1,,,1,,4,10,,,,2,3,,,1,1,,2,44
@Minas_Energia,,,1,,1,,,4,,3,1,2,,,,,1,,3,,1,,1,21,4,,,1,,,,44
@Lucia_Vania,,,3,1,2,,,4,,3,1,2,,1,,,,,5,17,,,2,,2,,,,,,1,44
@luciovl_,,,5,2,1,,,14,,2,,2,1,,1,,,,2,4,,,,3,3,,,1,,,3,44
@mmeioambiente,,,,1,,,,4,,2,1,1,,1,,,,,3,2,1,,1,23,3,,,,1,,,44
@mariana_godoy,,,3,2,1,,,6,1,4,2,,,1,,,2,,2,9,,,,7,3,,,,,,1,44
@FazendaGovBr,,,1,,,,,4,,3,,3,,,,,2,,4,2,,,1,19,2,1,,,,,2,44
@cynaramenezes,,,,5,,,,3,,,,,,,,1,2,,3,2,,,3,25,,,,,,,,44
@blogdogarotinho,,,1,1,4,,,4,,2,1,9,,2,,,1,,3,7,,1,,3,1,,,,,,4,44
@TheEconomist,,,3,,,,,4,,2,,,,1,,1,3,,2,9,1,,,12,4,,,,,,1,43
@portalimprensa,,,,,1,,,7,,3,,,2,1,,,1,,5,5,,,1,11,4,,,,,,2,43
@LeonardoQuintao,,,3,2,2,,,14,,2,,,,3,,,1,,3,5,,,,5,1,,1,,,,1,43
@JuventudedoPT,,,,2,1,,,1,,,1,,,,,1,1,,,1,,1,,33,,,,,,,1,43
@lidicedamata,,,2,2,2,,,,,3,,,,2,,,7,,2,2,,,1,14,2,,,1,,,3,43
@mendonca_filho,,,10,2,1,,1,5,,2,2,1,,,1,,1,,2,10,,,,1,3,,,,,,1,43
@GGuimaraesPT,,,1,2,2,,,3,,1,,,,1,,,,,3,6,,1,,21,,,1,,,,1,43
@DeputadoAmauri,,,1,3,1,,,6,,4,,1,,,,,1,,2,,,,,20,1,,,1,,,2,43
@geddel_,,,3,1,,,,13,,5,,2,1,1,,,2,,1,4,,,,3,2,,,1,,,4,43
@anapaulapadrao,,,1,,2,,,5,1,4,1,2,1,1,,1,4,,5,4,,,,6,2,,,,,,3,43
@bndes_imprensa,,,2,,,,,8,,2,1,,,,,,,,2,1,1,,1,22,2,,,,,,1,43
@achinaglia,,,,1,2,,,4,,,,1,1,1,,1,5,,5,3,,,,18,,,,,,,1,43
@Cons_Juridico,,,2,,2,,1,5,,5,1,1,1,2,,,2,,3,3,1,,1,7,4,,,,,,2,43
@BrasilPAC,,,1,,,,,6,,5,,,,2,,,,,2,1,1,,1,19,4,,,,,,1,43
@pliniodearruda,,,2,2,1,,,7,,3,2,1,,,,1,1,1,3,4,,,4,7,,,,,,,3,42
@ReginaldoLopes,,,2,3,,,,4,,2,,,,1,,,1,,3,3,,,,22,,,1,,,,,42
@renatorabelobr,,,1,12,3,,1,2,,,,,,1,,1,1,,2,4,,1,1,11,,,,,,,1,42
@PNUDBrasil,,,,4,,,,6,,2,3,,,,,,,,1,3,,,2,17,2,,,1,1,,,42
@idelisalvatti,,,,1,,,,5,,3,,2,,2,,1,1,,5,1,,,,17,2,,1,,,,1,42
@jilmartatto,,,,1,,,,2,,3,1,1,,2,,,1,,4,1,,1,,24,1,,,,,,,42
@cidasgodoy,,,3,1,5,,,2,,2,2,1,,1,,,4,1,1,6,,,,8,1,,,,,,4,42
@brunocovas,,,4,,1,,,3,,3,1,1,1,,,,2,,1,20,,,,1,2,,1,,,,1,42
@campanha_na_web,,,5,1,4,,,3,,2,2,,,,,,3,,3,4,,,1,7,1,,1,,,,5,42
@Brasil2016,,,,2,1,,,3,,3,1,,1,1,,,2,,5,2,1,,,15,3,,1,1,,,,42
@xicograziano,,,3,,,,,4,,3,2,,,,,,,,3,21,,,,1,2,,,,,,2,41
@renato_rovai,,,,6,,,,2,,,,,,,,1,2,,,2,,,1,25,,,,,,,2,41
@movFichaLimpa,,,4,,3,,,3,,1,3,,,,,,1,,4,8,,,1,6,1,,,2,,,4,41
@natuza,,,4,2,2,,,6,,,1,2,,1,,,1,,2,9,,,,9,1,,,,,,1,41
@MudaMais,,,,4,,,,1,,,,,,,,,,,,,,,1,34,1,,,,,,,41
@JusticaEmFoco,,,4,,1,,,5,,2,2,,,1,,,2,,3,7,1,,,8,3,,,,,,2,41
@depjuliodelgado,,,2,,1,,,6,,3,1,1,,3,,,8,,2,9,,,,1,2,,1,,,,1,41
@JorgePontual,,,1,,2,,,4,,4,1,,2,1,,1,1,,3,9,,,,6,2,,,2,1,,1,41
@jomoraes,,,,6,1,,,5,,2,,,,2,,,3,,2,5,,,,11,2,,1,,,,1,41
@AndreaMatarazzo,,,5,1,1,,,3,,4,3,,,,,1,1,,1,15,,,,2,2,,,,,,2,41
@comuniquese,,,2,2,2,,,3,,2,1,1,,1,,,2,,3,7,1,,2,8,2,,,1,,,1,41
@Carolina_Bahia,,,2,1,3,,,6,,6,,1,,1,,,2,,1,2,,,,9,3,,,,1,,3,41
@WalterFeldman,,,4,,2,,,3,,,1,1,,,,,2,,4,18,,,1,1,1,,,,,,2,40
@sandromabel,,,2,,1,,,12,,2,1,4,,1,,,,,3,4,,,,3,3,,,,,,4,40
@pt_nacional,,,,,1,,,2,,,,,,,,1,,,,,,,,35,1,,,,,,,40
@SergioDinizBSB,,,3,1,3,,,6,,1,2,2,1,,,1,1,,1,4,,,,9,1,,,,1,,3,40
@senromerojuca,,,1,1,2,,,10,,1,,1,,2,1,,2,,4,4,,,,6,3,,,,,,2,40
@MarceloBranco,,,,2,,,,2,,,,1,,,,1,5,,1,,,,1,24,1,,,,,,2,40
@maria_lima,,,4,2,,,,5,,3,1,2,,1,,,1,,2,11,,,1,3,1,,,,1,,2,40
@lucianagenro,,,,1,2,,,4,,1,1,1,,1,,1,2,,1,3,,,4,16,,,,,,1,1,40
@OGlobo_Rio,,,3,,,,,6,,2,1,2,,1,,,,,4,5,1,,,12,,,,,,,3,40
@guimaraes13PT,,,,1,2,,1,2,,2,1,,,3,,,1,,1,3,,,,22,,,,,,,1,40
@gustavofruet,,,1,1,3,,,4,,2,2,1,,1,,,1,,2,11,,,,7,1,,1,,1,,1,40
@DepLeopicciani,,,,,,,,18,,1,,4,,1,1,,,,5,2,,,,5,2,,,,,,1,40
@abelardolupion,,,9,,,,,8,,3,2,1,,1,,,,,6,5,,,,1,1,,,,,,3,40
@CarlosZarattini,,,,,,,,6,,,,,,2,,1,1,,2,3,,1,,21,2,,,,,,1,40
@vocesa,,,2,,,,,2,1,4,1,1,1,1,,,2,,6,6,1,,,3,4,,,,1,,3,39
@Prof_Anastasia,,,2,1,2,,,2,,4,,1,,,,,2,,2,16,,,,2,2,,1,,1,,1,39
@miltonjung,,,,1,2,,,4,,1,,2,,,,1,1,,4,8,,,2,9,2,,,,2,,,39
@PastorMalafaia,,,1,,1,,1,3,1,3,1,2,1,1,,,4,2,6,5,,,,2,2,,,,,,3,39
@passagensaereas,,,2,2,1,,2,4,1,4,2,1,,,,1,1,,3,4,,,,5,3,,,,,,3,39
@maragabrilli,,,1,,,,,4,,1,,3,,,,,2,,4,20,,,,1,,,,,1,,2,39
@manomenezes,,,1,,2,,,6,1,3,1,2,,1,,1,1,,5,6,,1,,5,,,1,,,,2,39
@MDSComunicacao,,,,1,,,,4,,4,1,1,,,,,1,,3,3,,,1,19,1,,,,,,,39
@informativosSTF,,,1,,,,1,6,,3,1,,1,1,,,1,,5,4,1,,,10,2,,,,,,2,39
@joao_arruda,,,1,2,,,,14,,2,2,,,1,,1,1,,3,2,,,,6,1,,,,,,3,39
@dep_clarissa,,,3,,1,,,2,,2,,6,1,3,,,2,,2,8,,,,5,1,,,,,,3,39
@deputadopeninha,,,2,,1,,,11,,3,,3,1,1,,1,2,,3,5,,,,4,1,,,,,,1,39
@fpabramo,,,,1,,,,2,,,,,,,,1,2,,,,,,2,31,,,,,,,,39
@Bornhausen,,,7,,,,,3,,2,1,2,1,1,,,3,,8,6,,,,2,2,,,,,,1,39
@CBF_Futebol,,,3,,1,,1,4,1,4,,,1,,,,2,,6,5,1,,,6,3,,1,,,,,39
@ClaudiaCostin,,,2,3,,,,4,,3,1,2,,1,,1,,,2,4,1,,,7,4,,,1,1,,2,39
@ricardotripoli,,,2,,,,,3,,,,1,,1,,,3,,2,19,,1,1,3,1,,,,,,1,38
@RadioPSDB,,,1,,1,,,1,,,1,1,,,,,,,1,31,,,,,,,,,,,1,38
@SigaPepeVargas,,,,,2,,,7,,2,,,,1,,,2,,1,1,,1,,21,,,,,,,,38
@senadorflexa,,,1,,,,,5,,1,1,3,,,,,,,5,16,,,1,2,2,,,,,,1,38
@mendes_ribeiro,,,2,1,1,,,13,,3,,1,,2,,,2,,1,3,,,,6,2,,,,,,1,38
@eGovBR,,,1,,1,,,2,,3,1,1,,,,1,3,,3,1,1,,,15,2,,,2,,,1,38
@Eunicio,,,,,2,,1,11,,,1,,,2,1,,,,2,5,,,,8,,,,,,,5,38
@Emiliano_Jose,,,,2,1,,,1,,,,,,1,,1,1,,2,1,,1,1,23,1,,,,,,2,38
@fpagropecuaria,,,3,,3,,,8,,5,2,,,1,,,,,6,6,,,,,1,,,,1,,2,38
@Domingos_Neto,,,1,,1,,,4,,3,,2,1,4,,,4,,5,5,,,,5,,,,,,,3,38
@erikakokay,,,,1,1,,,2,,1,,1,,,,1,1,,1,2,,,2,25,,,,,,,,38
@ClaroBrasil,,,,1,1,,,3,,5,2,1,,1,,1,4,,3,6,1,,,4,2,,,1,,,2,38
@rigotto,,,1,3,4,,,6,,4,,,,,,,2,,2,4,,,,7,3,,,,,,1,37
@psustentavel,,,,,,,,4,,1,2,,1,2,,,1,,2,7,1,,1,9,3,,,,2,,1,37
@ricardosetti,,,5,1,1,,,4,,3,2,,,,,,1,1,3,11,,,,,3,,,,,,2,37
@randolfeap,,,1,1,1,,1,4,,2,3,1,1,1,,,1,,3,4,,,4,7,,,,,,,2,37
@Polit007,,,5,,1,,,3,,2,1,2,,1,,,,,3,4,1,,1,5,2,,1,2,1,,2,37
@raulchristiano,,,3,1,,,,2,,,2,,1,,,,2,,2,18,,,,3,1,,,,1,,1,37
@ramospedagogo,,,5,2,2,,,2,,2,2,,,1,,,2,,2,3,1,,,6,1,,,1,,1,4,37
@minesporte,,,,3,1,,,6,,5,,3,,2,,,,,2,1,1,,1,10,2,,,,,,,37
@palmeriodoria,,,,2,1,,,2,,,2,2,,1,,1,1,,2,1,,,1,18,1,,,,1,,1,37
@melhoresfrases,,,3,,,,,4,,1,4,1,1,2,,,5,,3,5,,,,4,1,,,,,,3,37
@Miltonneves,,,2,,3,,,1,,2,1,1,1,,,1,3,,4,9,,,1,4,2,,,1,,,1,37
@maria_fro,,,,3,1,,,1,,,,,,,,1,2,,,1,,,2,25,,,,,,,1,37
@HugoMottaPB,,,2,,1,,,16,,2,1,1,,1,1,,1,,2,4,,,,2,,,,,,,3,37
@diegoescosteguy,,,2,2,,,,8,,,2,3,,,,,,,2,7,,,,6,4,,,,,,1,37
@ItamaratyGovBr,,,1,,1,,,4,,3,2,2,,,,1,1,,4,2,1,,2,10,2,,,,,,1,37
@Dep_IvanValente,,,,1,,,,4,,,2,1,,2,,1,3,,1,5,,,3,10,1,,,,1,,2,37
@EdsonAparecido,,,2,,,,,1,,,2,1,,,,,1,,5,21,,,,2,,,,,,,2,37
@iG,,,2,,2,,,6,,2,,2,,,,1,2,,2,7,,,,7,2,,,2,,,,37
@_Heloisa_Helena,,,2,,3,,,3,,,3,1,,2,,,,,2,6,1,1,4,3,2,,,,,1,3,37
@BrasilSeMiseria,,,,,,,,2,,1,1,,,2,,,1,,1,2,,,1,24,2,,,,,,,37
@colunaesplanada,,,2,,1,,,7,,2,,3,,1,,,1,,3,7,,,1,7,1,,,,,,1,37
@publicidadees,,,3,1,1,,,4,,2,2,2,1,,,,1,,2,7,,,,7,1,,,,,,2,36
@TO_DE_OLHO,,,5,1,2,,,5,,1,1,,2,1,,,1,1,2,8,,,,2,,,,1,1,,2,36
@zerotoledo,,,,1,1,,,7,,1,1,1,,,,,2,,2,8,,,1,8,2,,,,,,1,36
@moveisdobrasil,,,1,,,,1,5,,3,3,1,,3,,,10,,2,4,,,,1,1,,,,,,1,36
@MarceloPEC_56,,,3,1,2,,,4,,3,1,,1,,,,3,,3,6,,,,4,,,1,,,,4,36
@MinistroVital,,,3,,3,,,11,,2,,1,,,,,1,,6,1,,,,3,2,,,,,,3,36
@JoaoP_Cunha,,,,,1,,,2,,,,3,,1,,1,1,,1,3,,1,,20,1,,,,,,1,36
@JE_Cardozo,,,3,,1,,,1,,3,,2,,1,,1,2,,3,1,1,,,17,,,,,,,,36
@drdib,,,3,,,,,6,,1,1,1,,1,,,1,,1,15,,,,4,,,,,,,2,36
@Greenhalgh_,,,,2,,,,3,,,,,,,,1,,,,,,1,,28,,,,,,,1,36
@DanyBarretto,,,5,1,2,,,3,,2,,1,1,,,,4,,2,7,,,,2,2,,,1,1,,2,36
@Alceu_Moreira,,,,,2,,,14,,7,,,,,,,1,,1,3,,,,6,1,,,,,,1,36
@blogdabenedita,,,,1,1,,,1,,2,,1,1,1,,1,1,,1,1,,1,,21,1,,,,,,1,36
@blogdosakamoto,,,,1,,,,2,,,,,,,,1,2,,1,1,,,2,23,1,,,,,,2,36
@AGENCIA_DIAP,,,4,,3,,,5,,2,,1,,,,,2,,1,2,,,2,8,1,,,1,,,4,36
@CanzianiAlex,,,1,2,1,,,8,,4,1,,,2,,,1,,4,6,,,,3,2,,,,,,1,36
@tumaoficial,,,3,,1,,,5,,4,3,,1,,,,2,2,2,10,,,,,1,,,,,,1,35
@SpiderAnderson,,,4,1,,,,5,,3,,,2,1,,,3,,3,6,,,,5,,,,,,,2,35
@SBTonline,,,4,,,,,3,,2,1,3,,2,,,2,,3,7,1,,,5,1,,,,,,1,35
@WilsonFilho_,,,1,,3,,,11,,1,,2,1,1,,,,,2,3,,,,4,3,,,,1,,2,35
@rosaneoliveira,,,1,2,3,,,4,,6,,1,1,,,,2,,,3,,,,9,3,,,,,,,35
@MarceloDeda,,,,2,,,,3,,,,1,1,1,,1,2,,3,1,,1,,14,2,,,,1,,2,35
@OrlandoSilva_Jr,,,,7,1,,,2,,1,,,,,,1,3,,2,4,,,1,12,,,,,,,1,35
@MiguelCorreaBH,,,1,2,1,,,2,,1,,2,,1,,,2,,4,3,,,1,14,,,1,,,,,35
@operamundi,,,,1,,,,3,,1,1,,,,,1,3,,,1,,,2,18,,,,1,,,3,35
@gilbertogil,,,,5,1,,,,,1,,1,,,,1,2,,2,3,,1,3,12,2,,,,,,1,35
@Durval13PT,,,,1,1,,,1,,,,1,,1,,1,1,,1,1,,,,23,,,1,1,,,1,35
@depjoaocampos,,,1,,2,,,2,,2,2,4,,1,,,1,1,4,10,,,,,2,,,,,,3,35
@fbbreal,,,2,1,,,,2,,3,1,2,2,2,,,1,,3,6,,1,,5,2,,1,,,,1,35
@eduardodafonte,,,2,2,,,,2,,9,1,2,,1,,,2,,2,5,,,,3,1,,,,,,3,35
@FelixMendoncaJr,,,5,,4,,,3,,5,,,1,,,,1,,2,2,,,,7,1,,,1,1,,2,35
@jeronimogoergen,,,2,,2,,,5,,10,,1,1,1,,,2,,2,2,,,,5,1,,,,,,1,35
@depHugoLeal,,,1,1,3,,,5,,,1,2,,3,,,,1,1,5,,,,5,2,,,1,2,,2,35
@igpoderonline,,,1,,,,1,3,,,,3,3,1,,,2,,2,10,,,,6,2,1,,,,,,35
@PompeodeMattos,,,3,1,5,,,2,,6,1,,,,,,2,,1,3,,,,8,1,,,,,,1,34
@RdGaucha,,,1,1,3,,,5,,5,1,1,1,,,,2,,2,1,,,,9,2,,,,,,,34
@renatomolling,,,2,,4,,,5,,9,,,,1,,,1,,3,2,,,,4,3,,,,,,,34
@SabrinaSatoReal,,,,,1,,,3,,3,1,1,2,,,1,2,,5,6,,,1,4,,,,1,,,3,34
@mario_heringer,,,4,1,4,,1,3,,2,1,1,,3,,,1,,2,5,,,,3,,,1,,,,2,34
@OCriador,,,3,2,,,,3,,3,2,2,,1,,,2,,5,5,,,1,3,2,,,,,,,34
@leandrofortes,,,,1,,,,1,,1,,1,,,,,2,,2,2,,,3,17,2,,,,,,2,34
@kellymatos,,,3,1,3,,,8,,3,,,,,,,2,,1,3,,,,8,1,,,,,,1,34
@partidoPEN51,,,3,,2,,,5,,1,1,,,1,,,3,,2,3,,,1,4,2,,1,1,,,4,34
@pefabiodemelo,,,1,,1,,,2,,2,1,1,2,2,,,3,,4,3,,,,7,2,,,,1,,2,34
@governosp,,,3,,1,,,2,,2,2,,,,,,4,,3,9,,,,5,2,,,1,,,,34
@DepManoelJunior,,,1,1,2,,,15,,1,1,,,,1,,1,,2,3,,,,2,,,1,1,,,2,34
@Fatima_Bezerra,,,,1,,,,2,,1,,,,1,,,2,,3,2,,1,1,19,,,,,1,,,34
@DeputadoHeinze,,,1,,2,,,8,,7,,,,2,,,2,,2,2,,,,6,,,,,,,2,34
@EstadaoEconomia,,,2,,,,,6,,4,,,,1,,,1,,,9,,,,8,2,,,,,,1,34
@garibaldifilho,,,2,,,,,6,1,4,1,,1,1,1,,,,5,5,,,,5,,,,,1,,1,34
@ChicoLopes65,,,,8,2,,1,3,,1,,,,3,,,1,,1,2,,,,9,2,,,,,,1,34
@delubiosoares,,,,,3,,,,,1,,3,,,,1,,,2,,,1,1,20,,,,,,,2,34
@yoanisanchez,,,4,1,1,,,3,,1,2,1,,,,1,1,,4,9,,,,2,2,,,,,,1,33
@publicidadesz,,,3,2,2,,,9,,,1,1,,1,,,,,1,4,,,,5,1,,,,,,3,33
@UNESCOBrasil,,,,,,,,8,,3,1,,,,,,,,2,1,,,3,11,2,,,1,1,,,33
@PTLinhaDireta,,,,,1,,,1,,,,,,,,1,,,,2,,1,,25,1,,,,,,1,33
@SoniaBridi,,,,,1,,,6,1,2,2,1,,1,,,1,,3,5,,,,6,2,,,,1,,1,33
@redemobiliza,,,4,,,,,2,,1,1,,,,,,,,1,22,,,,1,,,,,,,1,33
@marcofeliciano,,,,1,1,,1,3,,3,1,2,1,1,,,5,1,5,3,,,,,2,,,,,,3,33
@eduardobazeredo,,,1,,,,,2,,1,1,1,,1,,,2,,2,16,,,,2,1,,1,,,,2,33
@f_trad,,,1,,2,,,9,,1,2,1,,1,,,2,,2,2,,,,5,1,,,,,,4,33
@giulianamorrone,,,2,2,,,,4,,1,2,1,,1,,,2,,3,7,,,1,4,1,,,,,,2,33
@jose_pimentel,,,,2,1,,1,6,,,,1,,2,,,,,2,1,,,,16,,,,,,,1,33
@DepQuintella,,,2,,2,,,5,,4,,2,,3,,,1,,2,7,,,,2,1,,,,,,2,33
@ciro_nogueira,,,2,,,,,3,,11,,2,,1,,,2,,5,,,,,3,1,,,,,,3,33
@AndreSouzaOBJ,,,4,2,2,,,3,,3,1,1,,1,,,3,,2,2,,,,5,,,,,1,,3,33
@_souaecio,,,2,,,,,2,,1,1,,,,,,,,1,21,,,,,2,,,,,,3,33
@BlogdoJuca,,,,1,,,,2,,1,,,1,1,,,2,,4,7,,1,2,10,1,,,,,,,33
@brasil_IBAMA,,,1,,,,,2,,2,,1,,,,,1,,1,4,,,1,16,2,1,,1,,,,33
@stanleyburburin,,,,1,1,,,2,,1,1,1,,,,1,,,1,,,,,23,,,,,,,,32
@politicadireta,,,2,1,3,,,1,,1,2,,,,,,2,,2,6,,,,3,4,,,1,,,4,32
@zeca_dirceu,,,,,,,,4,,1,1,1,,,,1,,,2,4,,,,16,1,,,,,,1,32
@politicalivre,,,3,2,1,,,3,,2,,,1,,,1,1,,4,2,,,,6,2,1,,2,,,1,32
@PSDBMULHER45,,,3,,,,,1,,1,,,,,,,,,,26,,,,,,,,,,,1,32
@sarneyfilho,,,4,,1,,,5,,2,2,1,,2,,,1,,4,3,,,1,5,1,,,,,,,32
@tv_band,,,2,,,,,4,,3,1,1,,1,,,1,,,7,1,,,4,3,,,1,,,3,32
@odaircunha_,,,,1,,,,2,,2,,1,,2,,,1,,2,3,,,,17,1,,,,,,,32
@PedroTaquesMT,,,1,,1,,,4,,1,1,3,,2,,,1,,3,7,,,2,3,1,,,,,,2,32
@OscarFilho,,,1,,1,,,2,,4,1,,1,2,,1,1,,2,4,,,1,6,1,,,1,,,3,32
@Luiz_Castaldi,,,3,1,2,,,4,,,,,,,,,2,1,3,3,,,,6,3,,,,1,,3,32
@LidPSDBsenado,,,1,,1,,,1,,1,1,,,,,,,,,26,,,,,,,,,,,1,32
@josefortunati,,,1,1,4,,,5,,4,,,1,,,,2,,3,2,,,,7,2,,,,,,,32
@EliseuPadilha,,,2,,2,,,15,,2,,,,1,,,,,3,1,,,,4,,,,,,,2,32
@deputadodutra,,,,,1,,,5,,,2,,1,1,,,1,,3,1,,,,13,1,,,,,,3,32
@freibetto,,,,2,,,,2,,,,,,,,1,2,,2,2,,1,4,16,,,,,,,,32
@DomingosSavioMG,,,1,,,,,5,,4,,,,1,,,1,,3,13,,,,1,1,,1,,,,1,32
@FerroPT,,,,2,,,,1,,1,,,,1,,,2,,1,1,,1,,21,1,,,,,,,32
@Incra_oficial,,,2,,2,,,3,,3,1,,,1,,,,,2,1,,,1,12,,,,,1,,3,32
@folhailustrada,,,1,1,,,,5,,3,,2,1,,,,1,,3,5,1,,,7,1,,,,,,1,32
@AlonFe,,,2,1,2,,,3,,1,1,1,,,,1,2,,3,5,,,,6,1,1,,,,,2,32
@ClaudiaLeitte,,,1,1,1,,,5,1,4,,,2,,,,1,,3,4,,,1,3,1,,1,1,1,,1,32
@CesarColnago,,,3,,,,,2,,1,1,1,,1,,,1,,2,14,,,,3,,,,,,,3,32
@Reguffe,,,1,,4,,,2,,1,,1,,2,,,2,,5,5,,,1,5,,,,,,,2,31
@TiagoLeifert,,,1,1,2,,,5,,1,1,,2,,,,2,,2,6,,,,2,1,,1,1,,,3,31
@RedeBrasil_,,,2,,,,,1,,,1,,,,,,1,,1,24,,,,,,,,,,,1,31
@Welbi,,,4,,,,,1,,1,,,,,,,,,1,17,,,,2,,,,,3,,2,31
@SPMulheres,,,,1,,,,2,,2,1,,1,2,,,1,,1,1,,,1,16,1,,,,1,,,31
@RaimundoColombo,,,5,,1,,,4,,3,,1,,,,,1,,6,4,,,,3,2,,,,,,1,31
@RosaDiniz_1,,,4,1,2,,,5,,,1,2,,,,1,2,,1,3,,,1,6,,,,,1,,1,31
@PoliticaeSaude,,,3,1,3,,,3,,4,1,,,,,,2,,,7,,,,5,1,,,,,,1,31
@rosianiportela,,,6,,2,,,3,,,1,,1,1,,,2,,1,7,,,,3,1,,,1,,,2,31
@sebrae,,,1,,1,,,5,,3,1,,,1,,,2,,1,4,1,,,7,3,,,,,,1,31
@marinasantanna,,,1,1,1,,,,,2,1,1,,,,,,,2,1,,1,3,16,,,,,,,1,31
@PatriciaKogut,,,1,2,1,,,3,,2,1,2,1,,,1,1,,4,4,1,,1,3,1,,,,,,2,31
@PCdoB_Oficial,,,,8,1,,,1,,1,,,,,,1,1,1,,,,,,16,,,,,,,1,31
@lualckmin_,,,3,,,,,3,,1,,,,,,,1,,3,18,,,,,1,,,,,,1,31
@nilmariomiranda,,,,1,,,,1,,,,,,2,,1,1,,2,1,,1,,20,,,1,,,,,31
@moreira_franco,,,1,,1,,,11,,1,1,2,,,,,,,3,4,,,,4,3,,,,,,,31
@DeputadoFederal,,,,,1,,,2,,2,,3,,,,,1,,1,2,,,,18,1,,,,,,,31
@JC_RS,,,1,1,3,,,6,,5,,,1,,,,2,,,3,,,,7,2,,,,,,,31
@Dep_Imbassahy,,,3,1,1,,,6,,1,,1,,,,,,,1,12,,,,1,1,,,1,,,2,31
@IBOPE_In,,,2,1,1,,,2,,3,,3,1,2,,,3,,4,3,,,1,2,1,1,,,,,1,31
@jornalopcao,,,2,2,1,,,4,,2,1,2,,,,,,,3,8,,,,3,2,,,,,,1,31
@jcorporativo,,,3,,2,,,3,,,3,,1,1,,,2,1,1,4,,,,3,2,,1,,,,4,31
@FelipeSertao,,,4,,1,,,4,,2,1,,,1,,,1,,3,7,,,,4,,,,,1,,2,31
@jn_fonteles,,,,,1,,,3,,1,,1,,1,,,2,,2,3,,,,15,,,,,1,,1,31
@governo_rs,,,1,1,3,,,2,,6,,,1,,,,2,,,2,,,,11,2,,,,,,,31
@hippolitolucia,,,1,,1,,,3,,2,3,3,,1,,,,,3,8,,,,3,2,,,,,,1,31
@ApDPU2010,,,2,1,4,,,1,,1,2,,,2,,,2,,,3,,,1,10,,,,,,,2,31
@boninho,,,3,,,,,4,1,3,1,1,,2,,,2,,5,4,,,,4,1,,,,,,,31
@cidfgomes,,,,1,3,,1,2,,2,1,,,5,,,4,,2,3,,,,6,,,,,,,1,31
@anadehollanda,,,,2,1,,,2,,2,,1,,3,,1,1,,1,,1,,1,11,2,,,1,,,1,31
@anvisa_oficial,,,1,1,1,,,5,,3,2,,,1,,,,,1,2,1,,,9,2,,,,,,2,31
@CNI_br,,,1,1,1,,,4,,3,1,2,,1,,,1,,3,3,,,1,4,2,,,,,,3,31
@deciolimapt,,,,,,,,4,,,,2,,1,,1,1,,1,3,,1,,17,,,,,,,,31
@PSBNacional40,,,,,1,,,2,,,,,,3,,,15,,2,2,,,,3,1,,,,,,1,30
@UOLEconomia,,,,,1,,,5,,1,,,,,,,1,,,8,,,,9,3,,,,,,2,30
@PSDB_SP,,,1,,1,,,3,,1,1,,,,,,,,1,21,,,,,,,,,,,1,30
@rogeriotomazjr,,,,1,1,,,,,,,,,,,1,1,,,,,1,3,21,1,,,,,,,30
@psbnacamara,,,,,1,,,,,,,,,4,,,18,,4,,,,,3,,,,,,,,30
@portalfederativ,,,,,,,,4,,3,1,1,,1,,1,,,2,2,1,,,10,2,,1,,,,1,30
@veramartins,,,4,2,2,,,2,,1,1,,,,,1,1,,3,1,,,1,6,,,,1,1,,3,30
@sergiobc5,,,3,2,1,,,2,,2,,1,,1,,,,,2,1,,,,12,1,,,1,,,1,30
@WWF_Brasil,,,,1,,,,3,1,2,,,,1,,,1,,,4,,,2,10,2,,,1,1,,1,30
@paulobauer45,,,1,,1,,,6,,1,,2,,,,,1,,4,12,,,,1,,,,,,,1,30
@Ossesio_Silva,,,5,,3,,,2,,1,,,4,,,,2,,3,4,,,1,2,1,,,1,,,1,30
@OMktDigital,,,2,2,,,,4,,1,,,1,,,,2,,3,4,,1,,5,2,,,1,,,2,30
@JucaKfouri,,,2,,,,,2,,1,1,,,,,,1,,2,6,,,3,10,,,,,,,2,30
@luizcoutopt,,,,1,2,,,2,,1,,,,2,,,,,3,1,,1,,16,,,,,,,1,30
@militanciadoPT,,,,,,,,,,,,,,,,1,,,,1,,,1,26,,,,,,,1,30
@oceara,,,1,1,2,,,3,,4,1,1,1,1,,1,1,,3,2,,,,3,2,,1,,,,2,30
@moreiramendes55,,,1,,2,,,4,,4,2,,1,,,,,,6,5,,,,1,1,,,,,,3,30
@discursopolitic,,,3,2,4,,,5,,4,,,,,,,3,,1,3,,,,3,2,,,,,,,30
@depvazdelima,,,,,,,,5,,2,1,,,1,,,,,,18,,,,1,1,,,,,,1,30
@depchinaglia,,,,,2,,,1,,2,,1,,,,,1,,2,,,1,,19,,,,1,,,,30
@DepMarcosMontes,,,4,,,,,5,,6,,,,1,,,,,5,3,,,,3,2,,1,,,,,30
@gnatalini,,,2,,1,,,4,,,2,,,,,,2,,4,8,,,1,3,,,,,2,,1,30
@inacioarruda,,,,6,1,,1,4,,,,1,,3,,1,,,2,1,,,,9,,,,,,,1,30
@DepArthurMaia,,,2,1,2,,,8,,2,,1,,,,,,,1,4,,,,4,2,,,1,,,2,30
@GiocondaBrasil,,,3,,,,,6,,1,2,2,1,1,,,,,2,6,,,,5,,,,,,,1,30
@guilherme_afif,,,1,,,,,2,,2,,,,,,,,,13,7,,,,2,1,,,,,,2,30
@depguilherme,,,6,,,,,3,,2,,,,1,,,,,8,6,,,,2,2,,,,,,,30
@glendakozlowski,,,2,,1,,,6,,3,,,2,1,,,3,,3,4,,,,2,1,,,1,,,1,30
@cbnrio,,,1,1,,,,5,,,,2,1,1,,,,,2,4,1,,1,8,2,,,,,,1,30
@agenciaPT13,,,,,,,,,,,,,,,,,,,,,,,1,28,1,,,,,,,30
@andreolifelipe,,,1,,3,,,2,1,2,2,1,,,,,1,,1,3,,,,7,2,,,1,,,3,30
@ChicoBarreira,,,2,,3,,,1,,,1,,,2,,1,1,,,2,,,2,11,,,,,,,4,30
@CesarGuimar,,,4,1,3,,,3,,3,2,,1,1,,,,,1,4,,,,3,1,,,,,,3,30
@alberto_fraga,,,6,,3,,,5,,1,2,1,1,1,,,,,2,5,,,,,,,,,,,3,30
@PSD_55,,,,,,,,,,,1,,1,1,,,1,,24,,,,,,,,,,,,1,29
@Sandra_Campos_,,,6,2,1,,,1,,1,,,,,,,2,1,2,6,,,1,4,1,,,,,,1,29
@PSDBParana,,,3,,1,,,1,,1,2,,,,,,1,,1,18,,,,,,,,,,,1,29
@TomCavalcante1,,,1,,1,,,1,1,4,,1,2,1,,,3,,4,4,,,,3,1,,1,,,,1,29
@Pla_voluntario,,,4,,2,,,3,,2,1,1,1,,,,1,,2,4,,,1,4,1,,,,,,2,29
@TST_Oficial,,,1,,1,,,3,,1,2,1,,2,,,,,2,3,1,,,7,3,,,,,,2,29
@Polit009,,,4,,2,,,3,,1,1,1,,,,,,,2,5,,,1,5,2,,,,1,,1,29
@Rconstantino,,,2,,,,1,5,,3,2,1,1,1,,,,1,,10,,,,1,1,,,,,,,29
@ptrenatosimoes,,,,,,,,,,,,,,,,1,1,,,,,1,1,25,,,,,,,,29
@SporTV,,,1,2,1,,,3,,3,1,,2,2,1,,2,,3,2,,,,4,1,,,,,,1,29
@OdeCarvalho,,,3,,1,,1,6,,2,1,1,,,,,1,2,2,6,,,,,2,,,1,,,,29
@LiderMinoria,,,5,,1,,,,,,2,,,,,,,,,18,,,,,,,,1,,,2,29
@osmar_serraglio,,,2,2,,,,8,,3,1,,,2,,,1,,3,1,,,,3,2,,,,,,1,29
@MCrivella,,,1,,1,,,1,,1,,2,9,,,,1,,4,4,,,,4,1,,,,,,,29
@depfabiosousa,,,2,,1,,,3,,2,1,1,,,,,1,,3,13,,,,,1,,,,,,1,29
@FranCastro,,,3,,1,,,3,,3,1,1,,1,,,,,3,5,,,,4,1,,,,1,,2,29
@g1mundo,,,1,,1,,,2,,1,1,,,,,1,,,1,5,,,,10,1,,,2,1,,2,29
@DepDaniloForte,,,,,1,,,12,,3,,1,,2,,,,,1,3,,,,3,1,,,,,,2,29
@JorgeRMizael,,,4,,3,,,1,,1,1,,,,,,4,,2,3,,,,6,1,,,,,,3,29
@giovanicherini,,,,,5,,,5,,5,,,1,1,,,2,,3,1,,,,5,,,,,,,1,29
@JairHeuert,,,3,,2,,,3,,1,2,,3,,,,2,,1,6,,,,2,1,,,,,,3,29
@FundacaoAbrinq,,,,,,,,2,,1,1,,1,1,,1,1,,1,6,,,,8,3,,,1,,1,1,29
@DatenaOficial,,,2,,1,,,2,,2,1,,2,,,,1,,6,3,,,,7,,,,1,,,1,29
@bandnewsfmrio,,,1,,,,,3,,1,1,2,,1,,,,1,4,4,1,,1,7,2,,,,,,,29
@ArnaldoJardim,,,3,1,,,,4,,2,3,1,,1,,,1,,2,8,,,,2,1,,,,,,,29
@rubarrichello,,,1,,,,,3,1,4,1,1,1,,,1,2,,3,4,,,,2,3,,,,,,1,28
@rogeriosmarinho,,,1,,1,,,4,1,1,1,,,1,,,,,3,12,,,,,2,,,,,,1,28
@record_imprensa,,,2,,,,,1,,1,,2,5,1,,,1,,5,3,,,,4,1,,,,1,,1,28
@portalUOL,,,1,1,1,,,4,,1,1,,,,,,2,,2,3,,,,5,3,,,2,,,2,28
@RaquelATeixeira,,,1,1,1,,,5,,1,1,2,,,,,,,3,9,,,,2,1,,,,1,,,28
@leandrogabiati,,,3,,3,,,6,,1,1,1,,,,,1,,1,6,,,,1,,,,1,,,3,28
@Lnagle2,,,,2,1,,,4,,1,2,,,,,1,1,,2,2,,,1,7,1,,,1,,,2,28
@lobaoeletrico,,,3,,1,,,4,,3,1,,,,,,1,1,1,9,,,,2,,,,,,,2,28
@Fabio_Souto,,,11,2,,,,1,,1,,,,,,,,,4,2,,,,2,2,,,1,,,2,28
@irajaabreu,,,1,,1,,,7,,4,1,,1,1,,,2,,3,3,,1,,1,1,,,,,,1,28
@deputadoHauly,,,1,,1,,,4,,1,2,2,,1,,,1,,3,10,,,,,1,,,,,,1,28
@ITV_Oficial,,,1,,,,,1,,,,,,,,,,,,23,,,,1,1,,,,,,1,28
@fzambeli,,,1,,,,,6,,,1,,,,,,1,,3,10,,,,3,,,,,,,3,28
@eduardobarbosa_,,,1,1,1,,,4,,1,,2,,1,,,,,2,10,,,,1,2,,,,,,2,28
@eduguim,,,1,2,,,,2,,,,,,,,1,,1,1,,,,2,17,,,,1,,,,28
@_edinhoaraujo,,,,,,,,13,,1,1,1,,,,,1,,2,6,,,,3,,,,,,,,28
@catia_Seabra,,,4,,,,,5,,,,1,,1,,,,,2,6,,1,,6,1,,,,,,1,28
@claudioputy,,,1,,,,,1,,2,2,1,,1,,,,,1,1,,1,3,14,,,,,,,,28
@correio_dopovo,,,1,2,1,,,4,,6,,,1,,,,2,,1,2,,,,6,2,,,,,,,28
@aamadeira,,,3,,2,,,1,,1,1,1,,,,,,,1,12,,,,2,3,,,,,,1,28
@abilio_diniz,,,1,,2,,,2,1,4,,1,1,1,,1,1,,5,3,,,,3,1,,,,,,1,28
@addthis,,,4,1,1,,,3,,2,1,,,1,,1,,,1,5,,,,5,1,,,,,,2,28
@andrelmachado,,,1,1,3,,,3,,6,,,1,,,,2,,1,1,,,,8,1,,,,,,,28
@Daniel_PCdoB,,,2,9,1,,,1,,1,,,,1,,,,,1,2,,,1,7,,,,1,,,1,28
@CARPINEJAR,,,2,1,1,,,5,,,1,1,,,,1,2,,1,3,,,3,7,,,,,,,,28
@ptnews,,,,,,,,1,,,,,,,,1,,,,,,,,25,,,,,,,,27
@rogeriocorreia_,,,,1,,,,,,,,1,,,,1,,,2,1,,,1,19,,,,,,,1,27
@TodosEducacao,,,1,,1,,,6,,,1,,,,,1,2,,2,4,1,,,4,2,,,2,,,,27
@samuelmoreira,,,,,,,,2,,1,1,,,,,,2,,1,17,,,,3,,,,,,,,27
@TalineOppitz,,,1,1,3,,,3,,6,,,1,,,,2,,,1,,,,8,1,,,,,,,27
@secgeralpr,,,,,1,,,1,,1,,,,,,,,,,1,,1,1,19,2,,,,,,,27
@tiao_viana,,,2,1,,,,2,,,,,1,1,,1,1,,1,1,,,,16,,,,,,,,27
@PortalOTempo,,,2,2,2,,1,2,,,,1,,,,,,,2,6,,,,6,1,,1,1,,,,27
@rochinha13,,,,,,,,,,,,,,,,,,,,,,1,,26,,,,,,,,27
@simonimprensa,,,2,1,2,,,7,,1,1,,,,,,1,,1,5,,,,4,1,,,,,,1,27
@turquim5,,,,2,,,,1,,,,,,,,,,,1,,,,1,21,,,,,,,1,27
@STF_brasil,,,3,,1,,,3,,1,,2,,2,,,1,,2,1,,,,9,1,,,,,,1,27
@psdbmg,,,,2,1,,,1,,1,2,,,,,,,,1,18,,,,,,,,,,,1,27
@marisascruz,,,2,,,,,6,,1,3,2,,,,,,1,2,8,,,,,,,,1,,,1,27
@Nilson_Leitao,,,2,,,,,3,,2,1,1,,1,,,,,1,14,,,,,,,,1,,,1,27
@nelsonpelegrino,,,,2,1,,,,,3,,,,,,,,,,2,,1,,16,,,,,,,2,27
@g1economia,,,,,2,,,3,,3,,1,,,,,1,,1,7,,,,6,1,,,,,,2,27
@jornaldosenado,,,2,2,1,,,7,,2,,1,,,,,,,,5,,,,6,,,,,,,1,27
@IphanGovBr,,,1,3,1,,,1,,3,,,,,,,1,,1,,1,,,14,1,,,,,,,27
@exame_noticias,,,2,,,,,7,,1,1,1,,,,,1,,1,7,,,,3,1,,,,1,,1,27
@Floriano45,,,1,,,,,2,,,1,,,,,,1,,2,16,,,,2,1,,,,,,1,27
@edemocracia,,,3,1,,,,4,,3,,,,1,,,,,1,2,,,,10,,,,1,,,1,27
@JorgePicciani,,,1,,1,,,6,,2,,3,1,1,,,,,5,2,,,,2,2,,,,,,1,27
@governomg,,,2,,,,,2,,4,,,,,,,1,,2,8,,,,6,,,1,1,,,,27
@barbaragancia,,,4,1,,,,1,,1,,,,1,,,2,,1,5,,,2,7,2,,,,,,,27
@colattodeputado,,,,,1,,,7,,4,,2,,,,,1,,2,4,,,,4,2,,,,,,,27
@cnnbrk,,,2,,,,,1,,3,,1,,,,1,1,,1,8,,,,5,2,,,,,,2,27
@DalvaFigueiredo,,,,2,1,,,2,,2,,,1,1,,,1,,1,,,,1,14,1,,,,,,,27
@costa_rui,,,,2,,,,,,3,,,1,,,,,,1,1,,1,,15,2,,,1,,,,27
@BlogDoPim,,,5,,,,,4,,5,1,2,,,,,,1,,6,,,,,2,1,,,,,,27
@BohnGass,,,,,2,,,4,,3,,,,1,,,2,,,1,,,1,13,,,,,,,,27
@ANADEP_Brasil,,,3,1,2,,,1,,4,1,1,,1,,,1,,,3,,,,8,,,,,,,1,27
@democratas,,,14,,,,,2,,,,,,1,1,,,,4,4,,,,,,,,,,,1,27
@Casagrande_ES,,,2,,,,,3,,2,,,,1,,,7,,3,2,,,,4,1,,,,1,,1,27
@carolina_magnus,,,1,,2,,,2,,3,1,,,2,,,1,1,,3,,,,9,,,,,,,2,27
@ubesoficial,,,,4,1,,,3,,,,,,1,,,,,1,1,,,,15,,,,,,,,26
@vinicius_wu,,,,2,1,,,2,,,,,,,,,2,,,1,,,,15,2,,1,,,,,26
@profreporter,,,,,1,,,4,,1,,1,1,1,,,,,3,5,,,,7,1,,,,,,1,26
@tales_faria,,,4,,,,,5,,,,2,,,,,,,3,5,,,,4,2,,,,,,1,26
@Pragmatismo_,,,,2,,,,,,3,1,,,,,1,1,,,1,,,,15,,,,2,,,,26
@Raul_Jungmann,,,2,1,,,,2,,1,4,,,1,,,2,,1,5,,,,2,2,,,,,,3,26
@RicardoPatah,,,4,,2,,,3,,1,,,,,,,,,4,5,,,,5,,,,1,,,1,26
@RaulHenry,,,2,2,,,,7,,1,,,,1,,,3,,1,5,,,,2,1,,,,,,1,26
@mendoncaprado,,,9,,,,,3,,1,,,1,,,,1,,2,3,,1,,1,2,,,,,,2,26
@marceloadnet0,,,2,1,,,,2,,1,2,,,,,1,2,,4,3,,,1,4,1,,,,,,2,26
@midiafoneBRASIL,,,3,1,3,,,7,,,1,,1,,,,1,1,1,3,,,,1,2,,,,,,1,26
@LaurezMoreira,,,5,,2,,,2,,1,1,,,1,,,4,,3,3,,,1,2,1,,,,,,,26
@LulapeloBrasil,,,,1,,,,2,,,,1,,,,1,,,,,,,1,19,1,,,,,,,26
@MarcioMacedoPT,,,,,,,,3,,1,,,1,,,,1,,1,,,,,17,1,,,,,,1,26
@MirandaSa_,,,4,,,,,3,,,1,1,,,,,,,2,9,,,1,3,,,,,,,2,26
@gloriafperez,,,,,1,,,2,1,2,,1,,,,1,,,4,2,,,1,6,3,,,1,,,1,26
@GilmarMachado_,,,,1,2,,,2,,1,,1,,1,,,2,,3,,,,,10,2,,,1,,,,26
@dirceubrito,,,,1,1,,,4,,1,,,,,,1,,,,,,,1,14,,,,1,,,2,26
@FFrancischini_,,,2,,,,,4,,1,1,2,,1,,,1,,3,8,,,,1,1,,,,,,1,26
@echofon,,,2,,1,,,4,,2,1,2,1,,,,1,,2,3,,1,,5,,,,,,,1,26
@DepNarcio,,,,,1,,1,1,,2,,,,1,,,,,2,14,,,,1,1,,1,,,,1,26
@josestedile,,,,1,2,,,3,,3,,,,2,,,7,,3,1,,,1,3,,,,,,,,26
@FabioPorchat,,,1,,,,,2,,,,,2,,,,2,,2,5,,,2,7,,,,1,,,2,26
@iriny_13,,,,1,,,,2,,,,,,,,1,2,,,,,,,19,,,,,,,1,26
@GovRJ,,,,1,,,,7,,2,,,1,1,,,1,1,3,1,1,,,5,1,,,,,1,,26
@13GabrielMedina,,,,,,,,1,,,,,,2,,,,,,1,,,,21,,,,,,,1,26
@DanielCoelho45,,,2,1,,,,1,,,2,,,,,,2,,1,16,,,,,,,,,,,1,26
@AdroaldoPortal,,,1,,8,,,3,,3,,,,1,,,,1,1,1,,,,4,1,,,,,,2,26
@anarita_pt,,,,1,,,,4,,2,,1,,,,1,2,,2,,,,,12,,,,,,,1,26
@agenciatse,,,2,,,,,4,,,1,1,,1,,,1,,3,1,,,,8,2,,,,,,2,26
@brumelianebrum,,,,,,,,3,,,1,1,,1,,,,,1,4,,,3,11,,,,,,,1,26
@renancalheiros,,,,1,1,,,6,,1,1,,,,,,2,,1,8,,,,3,1,,,,,,,25
@RdGuaibaOficial,,,1,2,1,,,4,,4,,1,1,,,,1,,,2,,,,6,2,,,,,,,25
@psdb_,,,,,,,,1,,,1,,,,,,1,,,20,,,,1,,,,,,,1,25
@SabaNunes,,,2,,1,,,4,,2,2,,,,,,3,,,1,,,,6,1,,,1,,,2,25
@RedePDT12,,,2,1,7,,,2,,,2,,,2,,,2,,1,2,,,,3,,,,,,,1,25
@simoneiglesias,,,1,,2,,,5,,1,,,,1,,,1,,,4,,,1,6,,,,,,,3,25
@radioitatiaia,,,,2,1,,1,4,,2,,1,,,,,1,1,1,7,,,,2,,,1,1,,,,25
@RogerioPT13,,,,,,,,2,,1,,1,1,1,,,1,,2,,,1,1,12,1,,,,,,1,25
@villa13013,,,,,2,,,2,,1,,,1,,,1,2,,,1,,,,13,1,,,,,,1,25
@ruipalmeira,,,2,,,,,3,,2,,2,,2,,,1,,,11,,,,,,,,,,,2,25
@SandroVaia,,,4,,,,1,3,,,,1,,,,1,,,,8,,,,3,1,,,,,,3,25
@uczai,,,,1,,,,4,,1,,1,,1,,1,,,3,1,,,,12,,,,,,,,25
@pallocci,,,,1,,,,2,,1,1,1,,1,,1,2,,1,1,,1,,11,1,,,,,,,25
@Leonek_,,,2,1,2,,,,,,,,,,,1,1,1,,,,,1,12,,,,1,,,3,25
@maryzaidan,,,3,1,,,,3,,1,,,1,,,1,2,,,11,,,,1,1,,,,,,,25
@MagelaPT,,,1,,1,,,1,,,,2,,2,,,1,,,2,,,,14,,,,,,,1,25
@OGlobo_Economia,,,,,,,,4,,1,,1,,1,,,1,,2,7,,,,5,1,,,,,,2,25
@michaelrosa13,,,,1,1,,,1,,,,1,,,,1,,,2,1,,,,17,,,,,,,,25
@Parlamentares,,,4,,1,,,1,,1,1,,1,2,,,2,,1,4,,,,5,,,1,,,,1,25
@MPAnarede,,,,,,,,4,,4,,,1,,,,1,,1,,1,,1,10,2,,,,,,,25
@MarcelloRicha,,,,,,,,,,3,2,1,,,,,1,,1,13,,,,1,1,,,,,,2,25
@marcosmion,,,1,,,,,3,,2,,,5,1,,1,1,,2,3,,,,2,1,,,1,,,2,25
@MandatoGenoino,,,,,,,,2,,,1,,,1,,,,,1,,,1,,18,,,,,,,1,25
@PEC56URGENTE,,,3,,1,,,1,,,1,1,,1,,,3,,,4,,,1,5,,,,,,,4,25
@eleitoral_,,,5,1,3,,,1,,2,,,,,,,,1,1,5,,,,3,1,,,1,,,1,25
@josiasgomesba,,,1,2,1,,,1,,1,,,,,,,,,1,2,,1,,12,1,,,1,,,1,25
@esperidiaoamin_,,,,1,1,,,6,,5,,2,,1,,,1,,3,3,,,,2,,,,,,,,25
@EVALDINOleite,,,5,,2,,,2,,1,,,1,1,,,4,,1,3,,,,1,,,,,,,4,25
@el_pais,,,2,,1,,,3,,3,,,,,,1,1,,1,3,,,2,6,1,,,,,,1,25
@deputadaluciana,,,1,10,,,,,,2,,,,,,,2,,1,1,,,,8,,,,,,,,25
@EunicioSenador,,,1,1,1,,1,7,,1,1,,,2,,,,,3,1,,,,4,,,,,,,2,25
@fichalimpa,,,1,1,2,,,1,,3,,,,,,,1,,1,5,,,2,3,,,1,1,,,3,25
@esmaelmorais,,,,2,,,,2,,1,2,,,,,1,1,,1,1,,,,10,1,,,1,1,,1,25
@EmbraturNews,,,,1,1,,,4,,4,,,,,,,,,2,1,1,,,7,3,,,,,,1,25
@joaopaulo_pt,,,,3,,,,1,,,,,,,,,2,,,3,,1,,15,,,,,,,,25
@FabioMarcal,,,3,,3,,,3,,5,,,,,,,2,,1,2,,,,5,,,,,,,1,25
@Globo_Rural,,,1,,2,,,6,,5,1,,,1,,,2,,1,1,,,,3,1,,,,1,,,25
@Flavia_OGlobo,,,,1,,,,3,,1,,1,1,1,,,,,4,5,,,1,6,1,,,,,,,25
@caioblinder,,,1,,1,,,3,,1,1,1,1,,,,,,2,7,,,,4,3,,,,,,,25
@cortezrafa,,,,,1,,,2,,2,1,1,1,,,1,1,,2,4,,,1,4,1,,1,,,,2,25
@Cantodosaber,,,,,1,,,4,,,,1,1,1,,1,1,1,1,5,,,1,5,,,,,,,2,25
@BlogOlhoNaMira,,,4,,1,,,4,,1,3,,,,,,1,1,,3,,,,3,1,,,1,,,2,25
@cqc__,,,,,2,1,,3,,2,3,2,,,,1,1,,1,3,,,1,3,2,,,,,,,25
@beltraomaria,,,3,1,2,,,3,,1,,,,1,,,,,1,5,,,,5,2,,,,,,1,25
@ArmandoPTB,,,2,2,,,,3,,1,,,,,,,2,,2,2,,,,7,3,,,,,,1,25
@CarlosMelles,,,6,1,1,,,,,1,,,,,,,1,1,4,5,,,,2,,,1,1,,,1,25
@brunosoller,,,3,,1,,,2,,1,4,,,,,,2,,1,7,,,1,1,,,,,,,2,25
@celsomaldaner,,,3,,,,,9,,2,,,,1,,,,,2,1,,,,4,2,,,,1,,,25
@Senador_Moka,,,3,,1,,,8,,2,,,,,,,1,,2,,,,,3,2,,,,,,2,24
@RicardoBarrosPP,,,,,1,,,2,,5,2,2,,2,,,1,,1,3,,,,1,1,,,,1,,2,24
@rafaelguerra,,,4,,1,,,1,,1,,,,,,,1,,2,10,,,,1,2,,1,,,,,24
@PublicoBrasil,,,4,,1,,,4,,2,1,,,1,,,,,2,2,,,,1,2,,,,,,4,24
@Poeta_ManoeldB,,,2,,1,,,4,,,,,,,,1,1,,1,1,,,2,9,,,,,,,2,24
@PSDBnacional,,,,1,1,,,,,1,1,,,,,,1,,,18,,,,,,,,,,,1,24
@thepatricao,,,4,,1,,,4,,2,1,1,,,,,,,2,6,,,,,1,,,,1,,1,24
@reporterb,,,,,,,,2,,,,,,,,,2,,1,2,1,,2,12,1,,,,,,1,24
@reporterbrasil,,,,,,,,1,,1,1,,,,,,1,,3,1,1,,2,9,2,,,,1,,1,24
@PretaGil,,,,1,,,,2,,1,,1,,1,,1,,,3,6,,,1,4,1,,,,,,2,24
@VoteBrasil2,,,1,,2,,,3,,1,2,,,,,,2,,2,4,,,,2,1,,1,1,,,2,24
@sosma,,,,,,,,2,,,2,,,1,,,1,,,5,1,,2,7,1,,,,2,,,24
@zecadopt,,,2,,1,,,1,,,,,,,,1,1,,1,1,,,,15,,,,,,,1,24
@prop_eleitoral,,,4,,1,,,3,,3,2,,,,,,,,3,2,,,,5,1,,,,,,,24
@sandrarosado,,,1,1,1,,,3,1,2,1,1,,2,,,4,,2,1,,,,3,1,,,,,,,24
@Niltonaprigio,,,1,,1,,,2,,,1,,1,2,,,2,,3,1,,,,6,1,,,,1,,2,24
@osamigosdolula,,,,,1,,,1,,,,,,,,1,,,,,,,,21,,,,,,,,24
@lelocoimbra_,,,1,,,,,8,,,,,,1,,,1,,2,5,,,,3,1,,,,1,,1,24
@LeoJaime,,,1,1,,,,1,,,,1,1,,,,2,,5,4,,,1,3,1,,,1,,,2,24
@junjiabe,,,4,,,,,4,,3,2,,1,1,,,1,,5,1,,,,1,1,,,,,,,24
@GloboReporter,,,,,,,,5,,3,,2,1,,,,,,3,3,,,,4,1,,,,,,2,24
@depluizalberto,,,1,2,1,,,1,,1,,,,1,,,,,2,1,,,,14,,,,,,,,24
@edinhosilva,,,,2,,,,,,,,,,1,,1,,,,2,,1,,14,3,,,,,,,24
@FrancischiniBR,,,2,,,,,2,,2,,1,1,,,,1,,1,10,,,,,1,,,,,,3,24
@joicehasselmann,,,1,,1,,,6,,2,2,,,,,,1,1,1,4,,,,2,2,,,,,,1,24
@DepMandetta,,,9,,1,,,2,,1,,,,,,,1,,4,4,,,,2,,,,,,,,24
@gnempauta,,,1,1,1,,,6,,2,2,1,,1,,,,,2,4,,,,2,1,,,,,,,24
@eudesxavierpt,,,,,1,,1,2,,,,,,2,,,1,,1,1,,,,14,1,,,,,,,24
@JoseAirtonPT,,,,1,1,,1,1,,2,,,,2,,,,,2,2,,,,10,1,,,,,,1,24
@conjuve,,,,1,,,,2,,,,1,,2,,1,1,,,2,,,1,11,1,,,,,,1,24
@BAndrada,,,1,,,,,4,,3,,,,,,,,,1,12,,,,1,1,,,,,,1,24
@bahianoticias,,,1,2,2,,,1,,2,,,1,1,,,1,,1,,,,1,6,2,1,,1,,,1,24
@angelovanhoni,,,,2,,,,3,,,1,,,1,,1,,,1,2,,,,11,1,,,,,,1,24
@chelacrist,,,1,,1,,,4,,4,2,1,,1,,,,,1,4,,,,2,1,,,,,,2,24
@_silviotorres_,,,1,,,,,1,,2,1,,,,,,1,,1,14,,,,2,1,,,,,,,24
@AlmirVieira,,,4,,2,,,4,,1,2,,,,,,,,2,5,,,,2,2,,,,,,,24
@astridfontenell,,,1,1,,,,1,,2,,,,3,,,1,,3,2,,,2,2,2,,,2,,,2,24
@betinhogomes,,,2,1,,,,2,,2,1,,,,,,,,,14,,,,,,,,,,,2,24
@AntonioAndradep,,,,1,1,,,6,,2,,1,,,,,,,3,3,,,,5,,,,1,,,1,24
@concigo,,,3,,1,,,1,,2,,,1,1,,,2,,1,4,,,,3,2,,,,,,3,24
@comunicadores,,,1,,2,,,2,,2,3,1,,,,,,,1,2,,,,5,2,,,1,,,2,24
@revista_trip,,,1,,,,,2,,3,,1,,,,1,1,,1,4,,,2,4,1,,,,1,,1,23
@tatasbc,,,2,,1,,,2,,,3,,,,,,,,1,9,,,,1,,,,,,,4,23
@vozdacomunidade,,,,,,,,1,,1,,,,2,,1,2,,1,4,1,,2,5,1,,,1,,1,,23
@trbrasil,,,,1,,,,3,,1,1,,,1,,1,1,,2,2,,,1,6,1,,,1,,,1,23
@stepanrio,,,,2,1,,,2,,,4,1,,,,,1,,3,3,,,,4,,,,,1,,1,23
@rossoni,,,3,,1,,,1,,1,2,,1,,,,1,,,10,,,,1,1,,,,,,1,23
@solpoliticos,,,4,,2,,,3,,,1,,,,,,1,,1,4,,,1,4,1,,,,,,1,23
@vicente_candido,,,,1,,,1,1,,1,,,,,,,2,,1,2,,1,,13,,,,,,,,23
@RubensOtoni,,,,,1,,,1,,1,1,2,,1,,,,,2,2,,1,,11,,,,,,,,23
@RicardoFerraco,,,,,,,,3,,2,1,1,,1,,,3,,2,3,,,,3,1,,,,1,,2,23
@Zaga_Silos,,,4,,,,,3,,1,1,,,,,,,,,12,,,,1,,,,,,,1,23
@psdcamara,,,,,,,,2,,,1,,1,,,,,,19,,,,,,,,,,,,,23
@Teoria_e_Debate,,,,,,,,2,,,,,,,,,1,,,,,,,20,,,,,,,,23
@RenanFilho_,,,2,,1,,,9,,2,,1,,3,1,,,,2,1,,,,,,,,1,,,,23
@polit004,,,4,,2,,,3,,3,,,,,,,1,,1,6,,,,2,1,,,,,,,23
@UJSBRASIL,,,,9,,,,1,,1,,,,2,,,,,1,,,,,8,,,,,,,1,23
@PTnoTw,,,,1,1,,,1,,,,,,,,1,,,,,,,,17,1,,,,,,1,23
@participacd,,,3,1,1,,,,,3,1,,,,,,1,,2,4,,,1,3,2,,,,,,1,23
@marciofranca40,,,,,,,,2,,,,,,1,,,7,,3,6,,,,2,1,,,,,,1,23
@paulosalimmaluf,,,2,,,,,1,,6,,3,1,1,,,1,,3,3,,,,1,1,,,,,,,23
@lincoln_portela,,,,2,,,,2,,2,,5,,1,,,,,2,5,,,,3,,,1,,,,,23
@mariocovasneto,,,1,,1,,,2,,,1,,,,,,,,1,14,,,,1,,,,,,,2,23
@pedrotobias,,,1,,,,,1,,1,,,,,,,,,1,16,,,,1,1,,,,,,1,23
@margarethmaia,,,3,,1,,,3,,,2,,,1,,,,,1,6,,,,2,1,,,,,,3,23
@JPSDBMG,,,1,1,1,,,1,,,1,,,,,,,,,17,,,,,,,,,,,1,23
@mariocdlneto201,,,3,1,2,,,4,,2,,,1,,,,,,,4,,,,2,2,,,,,,2,23
@OphirCavalcante,,,1,,1,,,4,,1,2,2,1,1,,,3,,1,1,,,,4,,,,1,,,,23
@FePaesLeme,,,1,,1,,,1,1,3,,1,2,,,,2,,1,3,,,1,2,1,,,,,,3,23
@fbezerracoelho,,,1,2,,,1,3,,1,,,,3,,,4,,,2,,,,3,1,,,,1,,1,23
@gustavoemota,,,1,1,2,,,3,,5,,,,,,1,2,,,1,,,,6,1,,,,,,,23
@Dep_PedroLupion,,,7,,,,,3,,1,2,1,,,,,1,,2,3,,,,1,1,,,,,,1,23
@JaiminhoMartins,,,2,,,,,2,,1,,1,,1,,,,,1,6,,,,6,1,,,,1,,1,23
@depmarcelonilo,,,3,2,1,,,2,,2,,,1,,,,,,,1,,,,7,2,,,1,,,1,23
@elcionepmdb,,,1,2,1,,,10,,,1,,,,,,1,,1,2,,,,2,2,,,,,,,23
@iracemaportela,,,2,1,,,,2,,3,,2,,1,,,,,2,2,,,,5,2,,,,,,1,23
@enioverri13,,,,1,,,,3,,1,1,1,,,,1,,1,,1,,,,11,1,,,,,,1,23
@gazetadopovo,,,1,1,,,,4,,2,2,1,,,,1,3,,1,2,,,,2,2,,,,,,1,23
@joaocapi,,,,,1,,,2,,,,1,,2,,,6,,2,3,,,1,5,,,,,,,,23
@hilde_angel,,,,1,,,,1,,,,1,,1,,1,1,,3,,,,3,11,,,,,,,,23
@depjoaoleite,,,1,,,,,2,,,1,,,,,,1,,1,13,,,,1,,,1,1,,,1,23
@10neto,,,,,,,,2,,2,1,1,1,1,,,,,3,6,,,,3,1,,,,,,2,23
@Amor_e_Fe,,,3,,,,,4,,1,1,1,1,2,,,1,,1,1,,,,4,1,,,,,,2,23
@blogdadilma13,,,1,1,,,,,,,,,1,,,1,,,1,,,,,17,,,,,,,1,23
@AviancaBrasil,,,1,,1,,,5,,3,1,,1,1,,,,,2,1,,,,4,1,,,,,,2,23
@BillGates,,,,,1,,,4,,3,,,3,,,1,,,4,4,,,,1,1,1,,,,,,23
@ChristinaLemos,,,1,,,,,2,,1,,1,1,1,,1,2,,1,4,,,2,5,,,,,,,1,23
@canaldoprodutor,,,1,,1,,,4,,6,,,,2,,,,,3,3,,,,1,1,,,,1,,,23
@BrunoJulio15,,,3,1,1,,,8,,,1,,,,,,,,,3,,,,3,,,,,,,3,23
@_LuizEmanuel,,,3,,1,,,1,,1,1,,,,,,2,,1,8,,,,2,,,,,,,3,23
@ANPgovbr,,,1,,,,,2,,1,1,1,,1,,,1,,1,,1,,,12,1,,,,,,,23
@psdbrj,,,3,,1,,,,,,1,,,,,,,,2,14,,,,,,,,,,,1,22
@RBWcomunicacao,,,2,,2,,,1,,2,,,,1,,,3,,,4,,,,3,1,,,1,,,2,22
@TribunadaBahia,,,3,2,1,,,,,2,,,1,,,,1,,1,1,,,,6,1,1,,1,,,1,22
@SaladeCampanha,,,4,1,2,,,1,,,,,,1,,,,1,2,3,,,,2,2,,,1,,,2,22
@PoliticaNaWeb,,,3,1,3,,,1,,3,,1,,,,,,,2,3,,,,4,1,,,,,,,22
@Sangue_Latino,,,1,1,1,,,2,,,,1,1,1,,,,1,,2,,,,9,,,,,1,,1,22
@walterihoshi,,,5,,,,,2,,,,,,1,,,1,,6,3,,,,2,1,,,,,,1,22
@pizzolatti,,,2,,1,,,3,,8,,1,,,,,,,3,2,,,,2,,,,,,,,22
@Tucano_SP,,,2,,,,,,,,,,,,,,,,1,18,,,,,,,,,,,1,22
@SENADORRAUPP,,,,,,,,17,,1,,,,,,,1,,2,1,,,,,,,,,,,,22
@PTrabalhadores,,,,,,,,1,,,,,,,,1,,,,,,,,20,,,,,,,,22
@SEPPIR,,,,,,,,,,3,,,,,,,1,,,,,,1,15,2,,,,,,,22
@RolimMarcos,,,,,2,,,2,,1,,,,,,,1,,,1,,,2,12,,,,,,,1,22
@soracy,,,3,1,,,,2,,1,1,,,,,,1,,1,6,,,,3,2,,,,,,1,22
@UOLEducacao,,,,,2,,,4,,,1,,,,,,2,,,5,1,,1,4,1,,,1,,,,22
@Ricazinha,,,2,,1,,,2,,1,,2,,1,,,,,,8,,,1,2,,,,,,,2,22
@receribelli,,,1,,1,,,4,,,2,,2,1,,,,,3,1,,,,3,1,,,,,,3,22
@peqempresas,,,2,,,,,5,,1,,,,1,,,1,,2,4,1,,,2,1,,,,1,,1,22
@rubinhogurgel,,,2,1,1,,,1,,1,1,1,,1,,,1,,,3,,,1,3,1,,,,2,,2,22
@pensador,,,3,,,,,3,,1,2,,,,,1,,,2,2,,,,5,2,,,,,,1,22
@marchamulheres,,,,1,,,,,,,,,,,,1,2,1,,1,,,2,14,,,,,,,,22
@mikibreier,,,1,,2,,,4,,2,,,1,2,,,4,,,1,,,,3,1,,,,,,1,22
@mobilizacaobr,,,,1,1,,,,,,,,,,,1,,,,1,,,,18,,,,,,,,22
@PauloMelo20,,,4,,2,,,3,,2,1,,,,,,,,2,4,,,,1,,,,1,,,2,22
@MatheusLeone45,,,3,,,,,1,,,1,,,,,,1,,1,12,,,,,,,,,,,3,22
@otaviomesquita,,,1,,,,,1,,1,,,,,,,2,,4,5,,,,2,1,,1,1,,,3,22
@jpsdb_df,,,2,,,,,,,1,1,,,,,,,,2,14,,,,,,,,,,,2,22
@luizeduardosoar,,,1,,1,,,4,,,,,,,,,1,,2,1,,,3,8,,,,,,,1,22
@Juvenal_Araujo,,,1,,1,,,2,,,1,,,,,,2,,2,8,,,,2,1,,,,,,2,22
@paulomathias,,,1,,1,,,1,,1,2,,,,,,,,,15,,,,,,,,,,,1,22
@juliaduailibi,,,1,,1,,,2,,,1,,1,,,,1,,2,8,,,2,2,,,,,,,1,22
@juventudecut,,,,1,,,,,,,,,,,,1,,1,,,,,,18,,,,,,,1,22
@marcelorubens,,,,,,,,2,,1,,,,,,1,1,,2,5,,,1,8,1,,,,,,,22
@JoaoLeaoVice,,,2,2,1,,,1,,4,,,,,,,,,2,,,,,6,2,,,1,,,1,22
@felipesigollo,,,1,,,,,,,,,,,,,,,,,20,,,,1,,,,,,,,22
@Dep_Inocencio,,,,,,,,3,,2,,3,,1,,,3,,2,3,,,,2,1,,,,,,2,22
@Galera_Dilma,,,1,,,,1,,,,,,,,,1,,,,,,,,19,,,,,,,,22
@DeputadosDEM,,,16,,,,,2,,,,,,1,,,,,,2,,,,,,,,,,,1,22
@IzalciLucas,,,3,,1,,,3,,,,,,1,,,1,,2,9,,,,,,,,,,,2,22
@joaopaulom,,,3,,1,,1,1,,,1,,,,,,,,1,9,,,1,,1,,1,,1,,1,22
@DomOdiloScherer,,,1,1,1,,,3,,,1,1,,1,,,,,2,6,,,,2,2,,,,1,,,22
@depluizsergio,,,,1,,,,2,,,,1,,,,,1,,2,1,,,,14,,,,,,,,22
@giovanigrizotti,,,2,1,3,,,3,,5,,,,,,,2,,,1,,,,2,2,,,,,,1,22
@Eduardo_Sciarra,,,5,,,,,4,,,1,,,1,,,1,,5,3,,,,,,,,,,,2,22
@jorginhomello,,,,,,,,4,,4,,1,,1,,,,,4,5,,,,3,,,,,,,,22
@dep_padrejoao,,,,1,2,,,1,,1,,,,,,,,,2,2,,,,13,,,,,,,,22
@dimasramalho,,,1,,2,,,2,,1,3,1,,1,,,,,3,6,,,,1,,,,,,,1,22
@EduardoBraga_AM,,,1,,1,,,6,,2,1,,,1,,,,,4,2,,,,3,1,,,,,,,22
@gugakuerten,,,2,1,,,,2,,2,,1,1,,,,2,,4,3,,,,3,,,,,,,1,22
@DeputadoBiffi,,,1,1,2,,,2,,,,1,,2,,,1,,,,,,,11,1,,,,,,,22
@EstadaoLink,,,,,,,,2,,1,1,1,,,,,,,1,5,,,,6,3,,,,,,2,22
@carlosbrandaoma,,,2,,1,,,5,,1,1,,,1,1,,,,2,5,,,,,1,,,,1,,1,22
@CaroliCamargos,,,3,,2,,,3,,1,1,,,1,,,,,1,5,,,,3,1,,,,,,1,22
@axexeo,,,,1,,,,3,,1,,,,1,,,1,,3,3,1,,1,7,,,,,,,,22
@cqc,,,1,,,,,5,,2,,,1,2,,,2,,1,2,,,,5,,,,,,,1,22
@DCM_online,,,,3,,,,1,,,,,,,,,,,,1,,,,17,,,,,,,,22
@ahickmann,,,1,,,,,3,1,2,,1,3,,,,1,,3,3,,,,3,1,,,,,,,22
@alerj,,,,,,,,4,,1,,2,1,1,,,,,4,1,1,,1,5,1,,,,,,,22
@assisdocouto,,,,1,,,,5,,2,,,,1,,,,,1,1,,,,9,1,,,,,,1,22
@chavezcandanga,,,1,1,,,,,,,1,1,,,,1,1,,1,,,,3,11,,,,,,,1,22
@br_economico,,,,,,,,2,,2,,,,,,1,2,,,7,,,,7,1,,,,,,,22
@AndreiaSadi,,,2,,2,,,5,,,,1,,,,,,,1,3,,,1,4,,,,,,,3,22
@angelicaksy,,,,1,,,,2,1,1,1,1,1,,,1,1,,3,5,,,,1,,,,1,,,2,22
@Collor,,,1,,1,,,5,,2,1,1,,1,,,,,2,3,,,,2,2,,,,,,1,22
@ana_maria_braga,,,2,1,1,,,2,,1,,1,,,,,,,3,2,,,,5,1,,1,,,,2,22
@bmazzeo,,,,,1,,,1,,1,1,1,2,,,1,,,2,3,,,1,3,1,,1,1,,,2,22
@bobclementino,,,4,1,2,,,,1,,,,,,,1,1,1,1,3,,,,5,,,1,,,,1,22
@CaboJulioMG,,,4,,2,,,4,,2,,1,1,,,,1,,2,2,,,,1,,,1,1,,,,22
@AlfredoKaefer,,,3,,,,,5,,1,2,,,1,,,,,1,6,,,,1,1,,,,,,1,22
@CNN,,,2,,,,,3,,4,,,,1,,,2,,1,5,,,,3,1,,,,,,,22
@ThiagoPeixoto,,,2,,1,,,2,,2,1,1,,1,,,,,4,5,,,,1,1,,,,,,,21
@ptdeminas,,,,1,,,,,,,,1,,,,,,,1,,,,,17,,,1,,,,,21
@SeverineMacedo,,,,,,,,1,,,,,,1,,1,,,,,,1,,16,,,,,,,1,21
@Pontifex_es,,,,1,,,,2,,2,2,,,2,,,,,3,,,,,6,1,,,1,,,1,21
@RecitoClarice,,,4,,,,,2,,1,,,,,,,2,,2,2,,1,1,4,,,1,,,,1,21
@SAMUELDESOUZA,,,1,1,2,,,2,,1,1,,1,,,,1,,1,3,,,,3,1,,,,,,3,21
@RosalbaCiarlini,,,7,,1,,,2,1,1,,,,1,,,,,2,2,,,,1,1,,,,1,,1,21
@QueremosAecio,,,,,,,,,,,,,,,,,,,1,18,,,,,,,,,,,2,21
@wellington13pt,,,,1,,,,2,,2,,1,,,,,2,,2,,,1,,7,1,,,,,,2,21
@rogriffo,,,4,1,2,,,3,,,,,1,,,,1,1,2,2,,,,1,,,,,,,3,21
@rejobarbosa,,,2,1,3,,,1,,2,1,,,,,1,,,1,3,,,,4,1,,,,,,1,21
@Serys,,,,1,1,,,1,,,,1,,2,,1,1,1,1,,,,1,8,1,,,,,,1,21
@Teresa_Surita,,,2,2,,,,8,,1,,,,,,,2,,,2,,,1,1,,,,,,,2,21
@tovaga,,,3,,1,,,3,,3,3,,,,,,,1,2,3,,,,,,,,,1,,1,21
@JoycePascowitch,,,2,,,,,2,1,3,,,,1,,,1,,3,4,,,,3,1,,,,,,,21
@OTempoPolitica,,,1,2,1,,1,2,,1,,,,,,,1,,3,4,,,,3,,,1,1,,,,21
@opovoonline,,,,,1,,1,2,,,2,1,,3,,,,,1,2,,,,7,,,,,,,1,21
@jrobertorezende,,,3,,2,,,1,,1,,,,,,,,,,4,,,,3,1,,,1,1,,4,21
@LuizGama,,,2,,2,,,1,,2,2,1,,,,,,,2,4,,,,2,1,,,,1,,1,21
@em_com,,,,1,1,,1,2,,1,,,,1,,,1,,2,5,,,,3,1,,1,1,,,,21
@HelioCosta15,,,2,1,1,,,6,,,,,,,,,1,,1,2,,,,6,,,,,,,1,21
@JornalOTempo,,,1,1,2,,,1,,,,,,1,,,2,,3,3,,,,4,,,1,1,1,,,21
@isoudapaz,,,1,,,,,2,,,,,,3,,,1,,,5,,,1,5,,,,1,1,,1,21
@depsimaopedro,,,,,1,,,2,,,,,,,,1,1,,1,1,,,,12,1,,,,,,1,21
@drauziovarella,,,1,,,,,2,,1,,,,1,,,1,,1,5,,,1,6,1,,,,,,1,21
@ediolopes,,,1,1,2,,,6,,1,,,,1,,,1,,2,3,,,,1,1,,,,,,1,21
@diariodamanha,,,,,1,,,2,,3,1,2,,,,,,,2,6,,,,2,1,,,,,,1,21
@jornalSul21,,,1,1,2,,,2,,2,,,,,,,2,,,1,,,,9,1,,,,,,,21
@felipebornierrj,,,1,,,,,3,,1,,1,,2,,,,,6,3,,,,3,,,,,,,1,21
@fpulcineli,,,1,,1,,,1,,2,1,2,,,,1,,,3,6,,,,1,1,,,,,,1,21
@DiegoAndradeMG,,,2,,2,,,3,,1,,1,,,,,1,,3,5,,,,1,,,1,,,,1,21
@JeffersonJPT,,,,,,,,1,,,,,,,,,1,,1,,,1,,17,,,,,,,,21
@FatimaCleide_PT,,,,1,,,,1,,,,,,,,1,,,,,,1,1,16,,,,,,,,21
@jdoriajr,,,1,,,,,4,,2,1,,1,1,,,1,,1,9,,,,,,,,,,,,21
@ginnymorais,,,2,,1,,,3,,1,1,,,1,,,,,,3,,,,5,,,,,,,4,21
@CFKArgentina,,,,,,,,1,,,,,,1,,1,2,,3,1,,,2,10,,,,,,,,21
@cicerolucena,,,2,,1,,,4,,,,,,,,,,,2,8,,,,1,,,,,,,3,21
@DanielVilela15,,,,,1,,,7,,1,1,2,,,,,,,2,5,,,,1,,,,,,,1,21
@AroldeOliveira,,,3,,1,,,3,,,,2,,1,,,1,,4,4,,,,1,1,,,,,,,21
@botecofeminista,,,1,1,,,,1,,,,1,,,,1,1,,,,,,,15,,,,,,,,21
@cristianocanuto,,,3,1,2,,,1,,1,,,,,,,,,1,5,,,,3,2,,,,,,2,21
@blogdayeda,,,1,1,,,,4,,3,1,1,1,,,,1,,1,4,,,,2,,,,,,,1,21
@anaperugini,,,,,,,,1,,,,,,,,,2,,,3,,,,14,,,,,,,1,21
@ComPadilhando,,,,,,,,1,,,,,,,,1,1,,,1,,,,17,,,,,,,,21
@bandnewsbsb,,,1,,,,,2,,,,1,,,,,1,,2,5,,,,6,,1,,,,,2,21
@anapaulaaraujo,,,2,1,,,,6,,,,,1,1,,,,,1,2,,,1,5,,,,,,,1,21
@Cadoca,,,1,3,1,,,3,,4,,,,2,,,2,,1,2,,,,1,1,,,,,,,21
@blogdafolha,,,2,2,,,,2,,1,1,1,,,,,5,,,2,,,,2,2,,,,,,1,21
@AnaJuliaPT13,,,,,,,,2,,,1,,,,,1,,,,,,,1,16,,,,,,,,21
@uol_noticias,,,,,3,,,1,1,3,,2,1,,,,1,,5,1,,,,2,,,,,,,,20
@VoeGOLoficial,,,,,,,,6,,1,1,1,2,,,,,,,3,,,,4,1,,,,,,1,20
@Val_Ce1,,,2,,,,,2,,,1,1,1,1,,,,,2,7,,,,2,,,,,,,1,20
@silasdantas63,,,3,,1,,,,,,2,,,,,,3,1,1,3,,,1,4,,,,,,,1,20
@zbrun,,,,2,,,,2,,,1,,1,1,,,2,,2,4,,,1,2,,,,,,,2,20
@silvionavarro,,,2,,,,,3,,1,,,,,,,,,2,5,,,,5,,,,,,,2,20
@prosapolitica,,,4,,1,,,2,,,2,1,,,,,,1,2,1,,,,4,1,,,,,,1,20
@PTmilitancia,,,,,,,,,,,,,,,,,,,,,,,,20,,,,,,,,20
@RomuloGouveia,,,1,,2,,,2,,2,,,,1,,,,,4,3,,,,3,,,,,,,2,20
@SandroAlex2323,,,,,,,,6,,1,1,,,,,,1,,2,7,,,,,1,,,,,,1,20
@wikileaks,,,,,,,,2,,,,2,,,,1,,,1,1,,,2,11,,,,,,,,20
@SRIGovFederal,,,,,,,,1,,1,,1,,1,,1,,,2,1,,,1,8,3,,,,,,,20
@programapanico,,,1,,1,,,1,,3,1,,3,1,,1,2,,,5,,,,1,,,,,,,,20
@polibiobraga,,,1,,1,,,4,,6,,,,,,,2,,,1,,,,2,2,,,,,,1,20
@Portal_HD,,,,1,,,1,4,,1,,,,,,,1,,2,3,,,,4,1,,1,1,,,,20
@robinhopt,,,3,1,1,,,3,,1,,,,,,,,,2,1,,,,4,1,,,1,,,2,20
@PMDB_naCamara,,,,,,,,18,,,,,,,,,1,,,,,,,1,,,,,,,,20
@ratinho_jr,,,,,1,,,3,,2,1,,,2,,1,,1,3,3,,,,,1,,,,1,,1,20
@ValadaresPSB,,,,,,,,4,,,,,1,1,,,6,,2,1,,1,,1,2,,,,,,1,20
@RodP13,,,,,,,,,,,,,,,,,,,,,,,,18,,,1,,1,,,20
@Zupiroli,,,4,,2,,,2,,2,,,,,,,,,1,4,,,,2,1,,1,,,,1,20
@TulioMilman,,,1,1,3,,,3,,4,,,,,,,2,,1,1,,,,3,1,,,,,,,20
@walter_martins,,,3,,2,,,1,,2,1,,,,,,,,,5,,,,4,,,,,,,2,20
@RaulPontPT,,,,,,,,1,,1,,,,,,1,1,,,1,,,,15,,,,,,,,20
@realsardenberg,,,,,1,,,4,,1,1,,,1,,,1,,,8,,,,3,,,,,,,,20
@twitcamara_,,,1,,,,,1,,4,,1,1,,,,2,,1,2,,,,2,1,1,,2,,,1,20
@reginacelis4,,,4,,1,,,2,,2,2,,,1,,,1,,,3,,,,2,,,,1,,,1,20
@PoliticoTV,,,1,1,1,,,2,,1,,,,,,,2,,1,2,,,,7,1,,,,,,1,20
@sbtjornalismo,,,1,,,,,1,,1,,1,,,,,,,3,4,,,,6,2,,,,,,1,20
@leosaballa,,,1,1,2,,,3,,3,,,,,,,2,,,1,,,,5,1,,,,,,1,20
@Mauricio_Rands,,,,1,1,,,1,,1,,2,,1,,,2,,,1,,,1,9,,,,,,,,20
@MaoSanta20,,,1,,1,,,3,,4,1,1,1,1,,,1,,3,1,,,,1,,,,,,,1,20
@Lexx_12,,,5,,1,,,3,,1,,,1,1,,,,1,2,1,,,,2,,,,,,,2,20
@mtebaldi,,,,,,,,5,,1,,1,,,,,1,,4,6,,,,2,,,,,,,,20
@marcoscipriano,,,1,,3,,,1,,2,1,1,,,,,,,3,5,,,,1,1,,,,,,1,20
@pedrowestphalen,,,2,,2,,,2,,6,,,,,,1,2,,,1,,,,3,1,,,,,,,20
@OsmarJunior_PI,,,,4,2,,,3,,2,,1,,2,,,1,,2,,,,,2,,,,,,,1,20
@maluz_13,,,,1,1,,,,,,1,,,,,1,,,,,,,,16,,,,,,,,20
@PDTnaCamara,,,1,1,10,,,1,,,,,,1,,,,,1,,,,,4,,,,,,,1,20
@leticiaduarte,,,1,,2,,,3,,5,,,,,,,2,,,1,,,,6,,,,,,,,20
@leonelbrizola12,,,3,,4,,,2,,,,2,,1,,1,1,,,1,,,,4,,,,,,,1,20
@pauderney,,,5,,,,,2,,1,2,1,,,,,,,4,3,,,,,,,,1,,,1,20
@MarcoACabral,,,,,,,,8,,1,,1,,2,,,,,3,1,1,,,1,1,,,,,,1,20
@netinhoDpaula,,,,3,,,,4,,,,,,1,,1,,1,2,2,,,1,4,,,,,,,1,20
@depmarcon,,,,,,,,2,,4,,,,,,,1,,1,1,,,,11,,,,,,,,20
@deputado_busato,,,1,,2,,,3,,4,,,,1,,,,,,1,,,,4,4,,,,,,,20
@DepValtenir,,,1,,1,,,3,,1,,,,3,,,5,,,2,,,,3,1,,,,,,,20
@dep_geraldo,,,1,,1,,,10,,,,1,,1,,,1,,1,1,,,,1,1,,,,,,1,20
@fabiocampana,,,,,1,,,4,,2,2,,,1,,1,1,,1,3,,,,2,1,,,,,,1,20
@jornal_opopular,,,,,1,,,1,,1,1,2,,,,,1,,4,6,,,,1,1,,,,,,1,20
