"x","y","nome_deputado","nome","partido","uf","twitter","ordem","Partido"
-0.234693992899116,-0.290025401642649,"1313luizianne","LUIZIANNE LINS","PT","CE","1313luizianne",NA,"PT"
0.0665875263156076,-0.146565954118466,"adail12321","ADAIL CARNEIRO","PHS","CE","adail12321",NA,"resto"
0.143712035742431,-0.101638638181374,"adelson_barreto","ADELSON BARRETO","PTB","SE","adelson_barreto",NA,"resto"
-0.142479312749157,0.0366336301539273,"aeltonfreitasmg","AELTON FREITAS","PR","MG","aeltonfreitasmg",NA,"resto"
-0.136106875346031,-0.189004807502835,"afonso_florence","AFONSO FLORENCE","PT","BA","afonso_florence",NA,"PT"
0.139601700525528,-0.0203177254081687,"afonso_motta","AFONSO MOTTA","PDT","RS","afonso_motta",NA,"resto"
0.178310200745373,-0.0334138111586238,"aguinaldo1111","AGUINALDO RIBEIRO","PP","PB","aguinaldo1111",NA,"resto"
-0.0488290491494072,0.0472085059118724,"alan_rick","ALAN RICK","PRB","AC","alan_rick",NA,"resto"
-0.0591805513484766,0.144915121491102,"alberto_fraga","ALBERTO FRAGA","DEM","DF","alberto_fraga",NA,"resto"
-0.0594529315060654,0.163627065812131,"alceu_moreira","ALCEU MOREIRA","PMDB","RS","alceu_moreira",NA,"PMDB"
0.128473730925836,0.101809111609903,"aleluiacosta","JOSÉ CARLOS ALELUIA","DEM","BA","aleluiacosta",NA,"resto"
-0.0466322950712813,0.122544323332531,"aleserfiotis","ALEXANDRE SERFIOTIS","PSD","RJ","aleserfiotis",NA,"resto"
-0.152570487396135,-0.0934252619607273,"alessandromolon","ALESSANDRO MOLON","PT","RJ","alessandromolon",NA,"PT"
-0.0351072454647811,0.207644255189121,"alexandrebaldy","ALEXANDRE BALDY","PSDB","GO","alexandrebaldy",NA,"PSDB"
0.0380371210366141,0.0159374028479006,"alexmanentepps","ALEX MANENTE","PPS","SP","alexmanentepps",NA,"resto"
0.0841487848903557,0.128375592532405,"alfredokaefer","ALFREDO KAEFER","PSDB","PR","alfredokaefer",NA,"PSDB"
-0.0821729926022759,-0.149388749983059,"alice_portugal","ALICE PORTUGAL","PCdoB","BA","alice_portugal",NA,"resto"
0.183935258234837,-0.0747371642840299,"alielmachado","ALIEL MACHADO","PCdoB","PR","alielmachado",NA,"resto"
0.0798004813316788,-0.0154612836468274,"altineu","ALTINEU CÔRTES","PR","RJ","altineu",NA,"resto"
-0.252545764672471,-0.196563770830323,"alvinomarcio","MARCIO ALVINO","PR","SP","alvinomarcio",NA,"resto"
-0.230481486653344,0.345486143004144,"a_mendes2727","ALUISIO MENDES","PSDC","MA","a_mendes2727",NA,"resto"
-0.292339288870934,-0.110465594691424,"anaperugini","ANA PERUGINI","PT","SP","anaperugini",NA,"PT"
0.200704583178261,-0.069408362075692,"andrefufuca","ANDRÉ FUFUCA","PEN","MA","andrefufuca",NA,"resto"
-0.0728444795528321,-0.0731524021233684,"andrepdt12","ANDRÉ FIGUEIREDO","PDT","CE","andrepdt12",NA,"resto"
0.149213863012128,-0.0462231925795514,"andresanchez63","ANDRES SANCHEZ","PT","SP","andresanchez63",NA,"PT"
-0.228295989630956,-0.0233455157815204,"antoniobritoba","ANTONIO BRITO","PTB","BA","antoniobritoba",NA,"resto"
0.0588822131663016,0.0817082292955457,"antoniojacome","ANTÔNIO JÁCOME","PMN","RN","antoniojacome",NA,"resto"
0.160013267499282,0.00427219981319253,"apezequiel","EZEQUIEL TEIXEIRA","SD","RJ","apezequiel",NA,"resto"
0.0138932878391559,0.108913729275386,"arnaldojardim","ARNALDO JARDIM","PPS","SP","arnaldojardim",NA,"resto"
0.098538458705198,0.0143634794469423,"arnaldojordy","ARNALDO JORDY","PPS","PA","arnaldojordy",NA,"resto"
0.138444225364272,-0.00554735722842476,"arthurbisneto","ARTHUR VIRGÍLIO BISNETO","PSDB","AM","arthurbisneto",NA,"PSDB"
-0.0452870193471648,0.030320304537331,"ascomrg","ROBERTO GÓES","PDT","AP","ascomrg",NA,"resto"
0.0378391349647875,-0.155544219026253,"assis_carvalho","ASSIS CARVALHO","PT","PI","assis_carvalho",NA,"PT"
-0.030680255297842,-0.160060550112248,"assisdocouto","ASSIS DO COUTO","PT","PR","assisdocouto",NA,"PT"
0.033886058833135,0.129315500132313,"augustocmelo","AUGUSTO COUTINHO","SD","PE","augustocmelo",NA,"resto"
-0.0753826673631828,0.104962887662128,"baleia_rossi","BALEIA ROSSI","PMDB","SP","baleia_rossi",NA,"PMDB"
0.102908939182483,0.186521999581002,"bandrada","BONIFÁCIO DE ANDRADA","PSDB","MG","bandrada",NA,"PSDB"
0.0151887835116541,-0.162118165997189,"bebeto4013","BEBETO","PSB","BA","bebeto4013",NA,"resto"
-0.0657769933257822,0.104019631773026,"benitogama","BENITO GAMA","PTB","BA","benitogama",NA,"resto"
0.175724168082319,-0.0532664631141183,"benjamimaranhao","BENJAMIN MARANHÃO","SD","PB","benjamimaranhao",NA,"resto"
-0.0862244855807178,0.236272362546012,"betinhogomes","BETINHO GOMES","PSDB","PE","betinhogomes",NA,"PSDB"
0.134272582506155,-0.119530901295002,"betofaropt","BETO FARO","PT","PA","betofaropt",NA,"PT"
0.122380819574935,0.0142881119827719,"betomansur10","BETO MANSUR","PRB","SP","betomansur10",NA,"resto"
0.0243474515013809,-0.0186859689503412,"betorosado","BETO ROSADO","PP","RN","betorosado",NA,"resto"
-0.0155555201717989,-0.160566257686525,"blogdabenedita","BENEDITA DA SILVA","PT","RJ","blogdabenedita",NA,"PT"
-0.167459717811377,-0.12772176862578,"bohngass","BOHN GASS","PT","RS","bohngass",NA,"PT"
-0.026894892217891,0.188839681565174,"bolsonarosp","EDUARDO BOLSONARO","PSC","SP","bolsonarosp",NA,"resto"
0.0350910652710359,0.120937319160422,"brunoaraujo4511","BRUNO ARAÚJO","PSDB","PE","brunoaraujo4511",NA,"PSDB"
0.186883609563014,0.0531500916214618,"brunocovas","BRUNO COVAS","PSDB","SP","brunocovas",NA,"PSDB"
0.041903445676047,0.033323894558047,"cabodaciolo","CABO DACIOLO","S.PART.","RJ","cabodaciolo",NA,"resto"
0.0435538302874574,-0.0564958442184231,"cacaleao","CACÁ LEÃO","PP","BA","cacaleao",NA,"resto"
-0.130019369654559,0.0959191771199111,"cadoca","CARLOS EDUARDO CADOCA","PCdoB","PE","cadoca",NA,"resto"
-0.0584275467290382,0.173417544358628,"caionarcio","CAIO NARCIO","PSDB","MG","caionarcio",NA,"PSDB"
-0.194629823128545,0.10009605561629,"canzianialex","ALEX CANZIANI","PTB","PR","canzianialex",NA,"resto"
0.18434009931995,-0.0435220703864204,"capitao_augusto","CAPITÃO AUGUSTO","PR","SP","capitao_augusto",NA,"resto"
0.0495799301178458,0.0551592254437509,"carlosbezerrajr","CARLOS BEZERRA","PMDB","MT","carlosbezerrajr",NA,"PMDB"
0.13554244809475,-0.10977942399525,"carlosgomesdep","CARLOS GOMES","PRB","RS","carlosgomesdep",NA,"resto"
0.119840411088681,0.0858712798160494,"carlosmelles","CARLOS MELLES","DEM","MG","carlosmelles",NA,"resto"
-0.0466723933917593,0.213748999228914,"carlossampaio_","CARLOS SAMPAIO","PSDB","SP","carlossampaio_",NA,"PSDB"
-0.24517581657292,-0.14925087418456,"carloszarattini","CARLOS ZARATTINI","PT","SP","carloszarattini",NA,"PT"
0.171408996727461,-0.0383607473729998,"celsojacob","CELSO JACOB","PMDB","RJ","celsojacob",NA,"PMDB"
0.116002320913947,-0.0211365722319146,"celsomaldaner","CELSO MALDANER","PMDB","SC","celsomaldaner",NA,"PMDB"
-0.0563519328497978,-0.0547283184397201,"celsopansera","CELSO PANSERA","PMDB","RJ","celsopansera",NA,"PMDB"
0.0532065926352637,0.0421687930157686,"celsorussomanno","CELSO RUSSOMANNO","PRB","SP","celsorussomanno",NA,"resto"
0.122012859536363,-0.0497300467350283,"cesarhalum","CÉSAR HALUM","PRB","TO","cesarhalum",NA,"resto"
-0.310392431231176,0.279061848871415,"chapadinha55","FRANCISCO CHAPADINHA","PSD","PA","chapadinha55",NA,"resto"
-0.252334087745802,-0.113936148591112,"chico_dangelo","CHICO D'ANGELO","PT","RJ","chico_dangelo",NA,"PT"
0.047929111618681,-0.030352413550583,"christianeyared","CHRISTIANE DE SOUZA YARED","PTN","PR","christianeyared",NA,"resto"
0.203816627152945,-0.0326578096242457,"claudio_cajado","CLAUDIO CAJADO","DEM","BA","claudio_cajado",NA,"resto"
-0.119195213161163,0.0499063474750167,"colattodeputado","VALDIR COLATTO","PMDB","SC","colattodeputado",NA,"PMDB"
-0.000935576796708623,0.101611597060202,"covattifilho","COVATTI FILHO","PP","RS","covattifilho",NA,"resto"
0.193979666369521,0.00538369553343244,"csilveira4599","CÉLIO SILVEIRA","PSDB","GO","csilveira4599",NA,"PSDB"
0.0924556295999575,-0.0812911963071858,"dagoberto_pdt ",NA,NA,NA,NA,NA,NA
0.009638523877366,0.181512660042924,"danielcoelho45","DANIEL COELHO","PSDB","PE","danielcoelho45",NA,"PSDB"
-0.0249848078979877,-0.142288987167487,"daniel_pcdob","DANIEL ALMEIDA","PCdoB","BA","daniel_pcdob",NA,"resto"
-0.0900077905318518,0.04895718367244,"danielvilela15","DANIEL VILELA","PMDB","GO","danielvilela15",NA,"PMDB"
0.0994428867016759,-0.00172050954891754,"danrleifederal","DANRLEI DE DEUS HINTERHOLZ","PSD","RS","danrleifederal",NA,"resto"
-0.119682670925352,0.0786468110295998,"darcisioperondi","DARCÍSIO PERONDI","PMDB","RS","darcisioperondi",NA,"PMDB"
-0.134307419911398,-0.0670346872906951,"davidson65","DAVIDSON MAGALHÃES","PCdoB","BA","davidson65",NA,"resto"
-0.0927463809080193,-0.206224019924077,"deciolimapt","DÉCIO LIMA","PT","SC","deciolimapt",NA,"PT"
0.0383210297847717,0.0805499382235121,"delegadomoreira","DELEGADO EDSON MOREIRA","PTN","MG","delegadomoreira",NA,"resto"
-0.216440634981721,0.235884196981451,"delegado_waldir","DELEGADO WALDIR","PSDB","GO","delegado_waldir",NA,"PSDB"
0.17095086853137,-0.0574113888953027,"depademircamilo","ADEMIR CAMILO","PROS","MG","depademircamilo",NA,"resto"
-0.00434345424352498,0.0673385419767032,"depafonsohamm","AFONSO HAMM","PP","RS","depafonsohamm",NA,"resto"
0.0329262776640282,0.0295838898076469,"depalbertofilho","ALBERTO FILHO","PMDB","MA","depalbertofilho",NA,"PMDB"
0.0207841735776782,-0.0119938551594785,"dep_andreabdon","ANDRÉ ABDON","PRB","AP","dep_andreabdon",NA,"resto"
0.116883468136135,0.0125592674126904,"dep_arnaldo1452","ARNALDO FARIA DE SÁ","PTB","SP","dep_arnaldo1452",NA,"resto"
-0.131119078181602,0.0700025691224368,"DepArthurLira","ARTHUR LIRA","PP","AL","DepArthurLira",NA,"resto"
0.027041825112244,-0.000539003637052228,"departhurmaia","ARTHUR OLIVEIRA MAIA","SD","BA","departhurmaia",NA,"resto"
0.136394321935944,-0.0202214188445832,"dep_augustodf","AUGUSTO CARVALHO","SD","DF","dep_augustodf",NA,"resto"
0.0956227460266374,-0.0259221632230312,"dep_balhmann","ANTONIO BALHMANN","PROS","CE","dep_balhmann",NA,"resto"
0.0859918873229483,0.146428875913727,"depbolsonaro","JAIR BOLSONARO","PP","RJ","depbolsonaro",NA,"resto"
-0.1283923328411,0.115575480657605,"depbrunafurlan","BRUNA FURLAN","PSDB","SP","depbrunafurlan",NA,"PSDB"
0.0720983144805555,0.071028012588423,"depbulhoes","ANTONIO BULHÕES","PRB","SP","depbulhoes",NA,"resto"
0.00543607329079419,-0.0300820463392406,"depcabucu","CABUÇU BORGES","PMDB","AP","depcabucu",NA,"PMDB"
0.00172208431467336,-0.0910619774869344,"depcaetano","CAETANO","PT","BA","depcaetano",NA,"PT"
0.167720178675892,-0.0440585520871245,"depcesarsouza","CESAR SOUZA","PSD","SC","depcesarsouza",NA,"resto"
-0.100520648090982,-0.0624416149185952,"depchicoalencar ",NA,NA,NA,NA,NA,NA
0.17293598160984,-0.101955075686538,"depchicolopes ",NA,NA,NA,NA,NA,NA
-0.112871061526262,-0.0995885494843096,"depchinaglia","ARLINDO CHINAGLIA","PT","SP","depchinaglia",NA,"PT"
-0.149372752075329,0.100366975385786,"dep_clarissa","CLARISSA GAROTINHO","PR","RJ","dep_clarissa",NA,"resto"
-0.130837920898877,0.21568717315674,"dep_crisbrasil","CRISTIANE BRASIL","PTB","RJ","dep_crisbrasil",NA,"resto"
-0.056987532467284,0.0562248434111569,"dep_csampaio","CONCEIÇÃO SAMPAIO","PP","AM","dep_csampaio",NA,"resto"
-0.0518056604385506,-0.0103386555711344,"depdaniloforte","DANILO FORTE","PMDB","CE","depdaniloforte",NA,"PMDB"
0.169460992499681,-0.0521079844435526,"depdeley","DELEY","PTB","RJ","depdeley",NA,"resto"
0.0701516233901645,0.00856545201112982,"depdimasfabiano","DIMAS FABIANO","PP","MG","depdimasfabiano",NA,"resto"
-0.186821107163771,0.139935792825705,"depeduardocunha","EDUARDO CUNHA","PMDB","RJ","depeduardocunha",NA,"PMDB"
0.0999186661638269,0.116073368257115,"depelmar","ELMAR NASCIMENTO","DEM","BA","depelmar",NA,"resto"
0.202428645956051,-0.0680402013418131,"dep_erivelton","ERIVELTON SANTANA","PSC","BA","dep_erivelton",NA,"resto"
-0.05697378397859,0.182328711450359,"depfabiosousa","FÁBIO SOUSA","PSDB","GO","depfabiosousa",NA,"PSDB"
0.0190276002146356,-0.0208899370283209,"depfederalmoses","MOSES RODRIGUES","PPS","CE","depfederalmoses",NA,"resto"
0.0334356022878169,0.151473035853067,"depfelipemaia","FELIPE MAIA","DEM","RN","depfelipemaia",NA,"resto"
0.113654935016465,-0.0100064787986747,"depflaviamorais","FLÁVIA MORAIS","PDT","GO","depflaviamorais",NA,"resto"
-0.176814251678553,0.044663418585265,"dep_francisco","FRANCISCO FLORIANO","PR","RJ","dep_francisco",NA,"resto"
0.201757068865459,-0.0633787579573045,"depgarcon","LINDOMAR GARÇON","PMDB","RO","depgarcon",NA,"PMDB"
-0.15367831900037,0.0512249659197018,"depgenecias","GENECIAS NORONHA","SD","CE","depgenecias",NA,"resto"
0.151379629678956,-0.0564541567850257,"dep_geraldo","GERALDO RESENDE","PMDB","MS","dep_geraldo",NA,"PMDB"
-0.241024971428426,-0.185672050332735,"dep_guimaraes","JOSÉ GUIMARÃES","PT","CE","dep_guimaraes",NA,"PT"
-0.180730149161311,0.0617380689031381,"dephugoleal","HUGO LEAL","PROS","RJ","dephugoleal",NA,"resto"
0.0722980882739189,-0.0289333352885576,"dep_imbassahy","ANTONIO IMBASSAHY","PSDB","BA","dep_imbassahy",NA,"PSDB"
-0.075168596226075,-0.0424859498106874,"dep_ivanvalente","IVAN VALENTE","PSOL","SP","dep_ivanvalente",NA,"PSOL"
0.132366941494148,0.0043169751252037,"depjefferson","JEFFERSON CAMPOS","PSD","SP","depjefferson",NA,"resto"
0.161386626624132,0.0321953268914651,"depjoaocampos","JOÃO CAMPOS","PSDB","GO","depjoaocampos",NA,"PSDB"
-0.0679644854624655,0.0689791385236449,"dep_jonymarcos","JONY MARCOS","PRB","SE","dep_jonymarcos",NA,"resto"
-0.184923337042537,-0.113632306781002,"depjorgesolla","JORGE SOLLA","PT","BA","depjorgesolla",NA,"PT"
-0.0449777965444927,0.227950409235686,"depjosecarlos","JOSÉ CARLOS ARAÚJO","PSD","BA","depjosecarlos",NA,"resto"
0.0757663282813648,0.0541746693771684,"depjuliocesarpi","JÚLIO CESAR","PSD","PI","depjuliocesarpi",NA,"resto"
0.168752865620454,-0.0435843544979496,"depjuliodelgado","JÚLIO DELGADO","PSB","MG","depjuliodelgado",NA,"resto"
-0.141100865203649,0.140031045807583,"depjuscelino","JUSCELINO FILHO","PRP","MA","depjuscelino",NA,"resto"
0.0243239119586086,-0.183233647252197,"depleomonteiro","LEONARDO MONTEIRO","PT","MG","depleomonteiro",NA,"PT"
-0.0466700793090396,0.0143383540890782,"depleopicciani","LEONARDO PICCIANI","PMDB","RJ","depleopicciani",NA,"PMDB"
0.110413087359024,-0.000596286799374036,"depluizfernando","LUIZ FERNANDO FARIA","PP","MG","depluizfernando",NA,"resto"
-0.0620102270257363,-0.220293837578015,"depluizsergio","LUIZ SÉRGIO","PT","RJ","depluizsergio",NA,"PT"
0.191351685494517,-0.0503458987012158,"depmandetta","MANDETTA","DEM","MS","depmandetta",NA,"resto"
0.0782929924915116,0.0206441409348268,"depmanoeljunior","MANOEL JUNIOR","PMDB","PB","depmanoeljunior",NA,"PMDB"
-0.191161978276578,-0.187936404091288,"depmarcomaia","MARCO MAIA","PT","RS","depmarcomaia",NA,"PT"
-0.19163845467168,-0.120870133893068,"depmarcon","MARCON","PT","RS","depmarcon",NA,"PT"
0.0602099773924753,0.117007046876281,"depmarcosmontes","MARCOS MONTES","PSD","MG","depmarcosmontes",NA,"resto"
0.11697560458665,-0.108346946167414,"depmarinharaupp","MARINHA RAUPP","PMDB","RO","depmarinharaupp",NA,"PMDB"
0.0724907324108899,-0.0522996791113934,"depmaurolopes","MAURO LOPES","PMDB","MG","depmaurolopes",NA,"PMDB"
0.144369385968167,-0.124795115442741,"depnegromontejr","MÁRIO NEGROMONTE JR.","PP","BA","depnegromontejr",NA,"resto"
0.16424364052281,-0.00329597105827737,"depnilsonpinto","NILSON PINTO","PSDB","PA","depnilsonpinto",NA,"PSDB"
-0.410788153523982,0.145074190231088,"depnilton","NILTON CAPIXABA","PTB","RO","depnilton",NA,"resto"
-0.0113587616591491,-0.136957103620348,"dep_padrejoao","PADRE JOÃO","PT","MG","dep_padrejoao",NA,"PT"
-0.112736473161116,-0.0321993279769106,"dep_paulinho","PAULO PEREIRA DA SILVA","SD","SP","dep_paulinho",NA,"resto"
-0.0917875475419304,0.0426698963620382,"depquintella","MAURÍCIO QUINTELLA LESSA","PR","AL","depquintella",NA,"resto"
-0.162389168303331,-0.0629027741521069,"deprobertobritt","ROBERTO BRITTO","PP","BA","deprobertobritt",NA,"resto"
0.197736211995291,-0.0647170951187489,"deprobertosales","ROBERTO SALES","PRB","RJ","deprobertosales",NA,"resto"
-0.103040458786964,0.270807196002244,"deprodrigomaia","RODRIGO MAIA","DEM","RJ","deprodrigomaia",NA,"resto"
0.0206470790032316,0.0309634410406224,"depronaldo","RONALDO FONSECA","PROS","DF","depronaldo",NA,"resto"
-0.163209841978169,0.227209910124715,"depsheridan","SHÉRIDAN","PSDB","RR","depsheridan",NA,"PSDB"
-0.0664852054494544,0.0953602015934365,"depsostenes","SÓSTENES CAVALCANTE","PSD","RJ","depsostenes",NA,"resto"
0.133857117195716,-0.00420959444855201,"depsperafico","DILCEU SPERAFICO","PP","PR","depsperafico",NA,"resto"
0.100057609874717,0.0308996806344665,"depstefano","STEFANO AGUIAR","PSB","MG","depstefano",NA,"resto"
0.148852694637923,-0.0771235648735295,"deptenentelucio","TENENTE LÚCIO","PSB","MG","deptenentelucio",NA,"resto"
-0.108858340601637,-0.0846732132504932,"deputadaluciana","LUCIANA SANTOS","PCdoB","PE","deputadaluciana",NA,"resto"
-0.0316713732666365,-0.223194819038981,"deputadoadelmo","ADELMO CARNEIRO LEÃO","PT","MG","deputadoadelmo",NA,"PT"
0.166627239880935,-0.0437238776310342,"deputadoatila","ÁTILA LIRA","PSB","PI","deputadoatila",NA,"resto"
0.149427395160998,-0.0984024376085208,"deputadoaureo","AUREO","SD","RJ","deputadoaureo",NA,"resto"
-0.0217729387478889,0.00517299420097454,"deputadobacelar","BACELAR","PTN","BA","deputadobacelar",NA,"resto"
0.024372886034013,-0.0906664280866971,"deputado_busato","LUIZ CARLOS BUSATO","PTB","RS","deputado_busato",NA,"resto"
-0.359315870627698,0.170076362783073,"deputado_ca","CARLOS ANDRADE","PHS","RR","deputado_ca",NA,"resto"
-0.116584237209352,-0.252714156457562,"deputadofederal","PAULO PIMENTA","PT","RS","deputadofederal",NA,"PT"
0.0142436043352592,-0.0676166486705004,"deputadofoletto","PAULO FOLETTO","PSB","ES","deputadofoletto",NA,"resto"
0.183807673665047,-0.0106479271230875,"deputadogiacobo","GIACOBO","PR","PR","deputadogiacobo",NA,"resto"
0.0288192943397493,0.157224951074954,"deputadohauly","LUIZ CARLOS HAULY","PSDB","PR","deputadohauly",NA,"PSDB"
0.121410576146555,0.0088528569726464,"deputadoheinze","LUIS CARLOS HEINZE","PP","RS","deputadoheinze",NA,"resto"
0.0147910258579375,0.0861254622322553,"deputadojhc","JHC","SD","AL","deputadojhc",NA,"resto"
0.163574741565686,-0.0579846100257788,"deputadomanato","CARLOS MANATO","SD","ES","deputadomanato",NA,"resto"
-0.12884316367346,0.0688362574653206,"deputadopeninha","ROGÉRIO PENINHA MENDONÇA","PMDB","SC","deputadopeninha",NA,"PMDB"
0.0821382150121903,0.0711360466282922,"deputado_penna","PENNA","PV","SP","deputado_penna",NA,"resto"
0.0883516395170591,0.02381647252161,"deputadorenzo","RENZO BRAZ","PP","MG","deputadorenzo",NA,"resto"
-0.0340734475574095,-0.275497558442305,"deputadotoninho","TONINHO WANDSCHEER","PT","PR","deputadotoninho",NA,"PT"
-0.306722082919022,0.138488125752138,"deputadowlad","WLADIMIR COSTA","SD","PA","deputadowlad",NA,"resto"
-0.0457871528656393,0.0103846075162739,"depvaltenir","VALTENIR PEREIRA","PROS","MT","depvaltenir",NA,"resto"
0.0174298444103613,0.0710331974021548,"depvecci45","GIUSEPPE VECCI","PSDB","GO","depvecci45",NA,"PSDB"
0.109793656494088,0.218419450283333,"depvitorlippi","VITOR LIPPI","PSDB","SP","depvitorlippi",NA,"PSDB"
-0.122224946722116,-0.0320495320980492,"depwreis","WASHINGTON REIS","PMDB","RJ","depwreis",NA,"PMDB"
0.0672030345093714,-0.0382190450324557,"dep_zecarlospt","ZÉ CARLOS","PT","MA","dep_zecarlospt",NA,"PT"
-0.230530147533295,0.124017059211485,"df_paulofreire","PAULO FREIRE","PR","SP","df_paulofreire",NA,"resto"
0.0576805960460736,0.0142426764913431,"diegoandrademg","DIEGO ANDRADE","PSD","MG","diegoandrademg",NA,"resto"
-0.145253202544409,-0.0152738087187843,"domingos_neto","DOMINGOS NETO","PROS","CE","domingos_neto",NA,"resto"
0.0196250242379833,0.142301055392479,"domingossaviomg","DOMINGOS SÁVIO","PSDB","MG","domingossaviomg",NA,"PSDB"
0.0577346186250216,-0.0541589503725076,"dpmarciomarinho","MÁRCIO MARINHO","PRB","BA","dpmarciomarinho",NA,"resto"
0.0936420649720909,-0.0624293965868756,"drdamiaooficial ",NA,NA,NA,NA,NA,NA
-0.247758847468038,0.189101827440412,"drjoaooficial","DR. JOÃO","PR","RJ","drjoaooficial",NA,"resto"
0.129912737096709,0.00412747215692497,"drsinval4311","DR. SINVAL MALHEIROS","PV","SP","drsinval4311",NA,"resto"
0.0300494062838251,0.191755692085704,"duarte_nogueira","DUARTE NOGUEIRA","PSDB","SP","duarte_nogueira",NA,"PSDB"
-0.182487504712856,0.0582818182237266,"dulcemiranda_to","DULCE MIRANDA","PMDB","TO","dulcemiranda_to",NA,"PMDB"
0.1229794152762,-0.0247217783506747,"edermauroficial","DELEGADO ÉDER MAURO","PSD","PA","edermauroficial",NA,"resto"
-0.126878537794497,-0.141975384631081,"edinhosilva","EDINHO BEZ","PMDB","SC","edinhosilva",NA,"PMDB"
0.174414037639582,-0.0420983390001415,"ediolopes","EDIO LOPES","PMDB","RR","ediolopes",NA,"PMDB"
0.109731949015328,0.0356621406130636,"edmararruda","EDMAR ARRUDA","PSC","PR","edmararruda",NA,"resto"
-0.106463008466448,-0.0840056628650102,"edmilsonpsol","EDMILSON RODRIGUES","PSOL","PA","edmilsonpsol",NA,"PSOL"
0.120759880316027,0.0495768421556739,"eduardobarbosa_","EDUARDO BARBOSA","PSDB","MG","eduardobarbosa_",NA,"PSDB"
-0.000754685258122775,0.276998377322869,"eduardo_cury","EDUARDO CURY","PSDB","SP","eduardo_cury",NA,"PSDB"
0.108452883512919,-0.0301268326395142,"eduardodafonte","EDUARDO DA FONTE","PP","PE","eduardodafonte",NA,"resto"
0.0928281748454041,0.149066361226421,"efraimfilho","EFRAIM FILHO","DEM","PB","efraimfilho",NA,"resto"
0.163883911535067,0.0377118314592253,"ejarbas15","JARBAS VASCONCELOS","PMDB","PE","ejarbas15",NA,"PMDB"
-0.000503892408823245,-0.0370198882703476,"elcionepmdb","ELCIONE BARBALHO","PMDB","PA","elcionepmdb",NA,"PMDB"
0.00243950989499884,0.058310440496675,"elicorreafilho ",NA,NA,NA,NA,NA,NA
-0.0505290385869762,0.0440968527890627,"elizeudionizio","ELIZEU DIONIZIO","SD","MS","elizeudionizio",NA,"resto"
-0.0640328384266994,0.0381212888302929,"elizianegama","ELIZIANE GAMA","PPS","MA","elizianegama",NA,"resto"
-0.225847222575298,-0.346444932599016,"enioverri13","ENIO VERRI","PT","PR","enioverri13",NA,"PT"
-0.139901583620281,-0.209900963890338,"erikakokay","ERIKA KOKAY","PT","DF","erikakokay",NA,"PT"
0.105599979293841,-0.031072904442153,"erosbiondini","EROS BIONDINI","PTB","MG","erosbiondini",NA,"resto"
0.199996084357156,-0.0698487911281116,"esperidiaoamin_","ESPERIDIÃO AMIN","PP","SC","esperidiaoamin_",NA,"resto"
0.0484701248097323,0.0232464413087193,"evairdemelo","EVAIR DE MELO","PV","ES","evairdemelo",NA,"resto"
0.174346023059473,-0.0414589385675355,"evandrogussi","EVANDRO GUSSI","PV","SP","evandrogussi",NA,"resto"
0.153271029591162,-0.044063493130597,"_fabinhoramalho","FÁBIO RAMALHO","PV","MG","_fabinhoramalho",NA,"resto"
-0.136550824469978,0.0575422716547185,"fabiofaria5555","FÁBIO FARIA","PSD","RN","fabiofaria5555",NA,"resto"
0.152816264539211,-0.128016372443473,"fabiomitidieri1","FÁBIO MITIDIERI","PSD","SE","fabiomitidieri1",NA,"resto"
0.0530027359432049,-0.0478224686387815,"fabio__reis","FABIO REIS","PMDB","SE","fabio__reis",NA,"PMDB"
0.172644253121171,0.00707465817013945,"fabricio4040","FABRICIO OLIVEIRA","PSB","SC","fabricio4040",NA,"resto"
0.0352318887351092,0.0189103182858312,"faustopinato10","FAUSTO PINATO","PRB","SP","faustopinato10",NA,"resto"
-0.136383839147715,0.0969524423074602,"fbcfilho","FERNANDO COELHO FILHO","PSB","PE","fbcfilho",NA,"resto"
-0.0917001780213448,0.0702957872114268,"federalanderson","ANDERSON FERREIRA","PR","PE","federalanderson",NA,"resto"
-0.270153808009225,0.0798601150930227,"felipebornierrj","FELIPE BORNIER","PSD","RJ","felipebornierrj",NA,"resto"
0.139548905408179,-0.0593153653238423,"felixmendoncajr","FÉLIX MENDONÇA JÚNIOR","PDT","BA","felixmendoncajr",NA,"resto"
-0.257671383511244,-0.14630776658368,"fernandomarroni","FERNANDO MARRONI","PT","RS","fernandomarroni",NA,"PT"
0.118179904907728,-0.00220413618036793,"flaviano_melo","FLAVIANO MELO","PMDB","AC","flaviano_melo",NA,"PMDB"
0.00210112746514776,0.110413038724249,"flavinhocn","FLAVINHO","PSB","SP","flavinhocn",NA,"resto"
-0.089479573476548,0.141899672260389,"floriano45","FLORIANO PESARO","PSDB","SP","floriano45",NA,"PSDB"
-0.00866476073661718,0.210167355676887,"francischini_",NA,NA,NA,NA,NA,NA
0.0338791788875126,0.0939125936339266,"geovaniadesa","GEOVANIA DE SÁ","PSDB","SC","geovaniadesa",NA,"PSDB"
-0.0836674701561433,-0.168528948808493,"gguimaraespt","GABRIEL GUIMARÃES","PT","MG","gguimaraespt",NA,"PT"
-0.0100013851098318,-0.0451470107902488,"giovanicherini","GIOVANI CHERINI","PDT","RS","giovanicherini",NA,"resto"
0.0814886559992588,0.0246399344275495,"givaldocarimbao","GIVALDO CARIMBÃO","PROS","AL","givaldocarimbao",NA,"resto"
-0.183184439706052,-0.0926272374079562,"givaldovieira","GIVALDO VIEIRA","PT","ES","givaldovieira",NA,"PT"
0.11165075132909,-0.00616696469933203,"glauber_braga","GLAUBER BRAGA","PSB","RJ","glauber_braga",NA,"resto"
-0.0394587592434264,-0.056551759390255,"heitorschuch","HEITOR SCHUCH","PSB","RS","heitorschuch",NA,"resto"
0.107780809830451,-0.13155848726628,"heldersalomao","HELDER SALOMÃO","PT","ES","heldersalomao",NA,"PT"
-0.0422165295913845,-0.135340869630188,"henriquefontana","HENRIQUE FONTANA","PT","RS","henriquefontana",NA,"PT"
0.0521107439507064,0.127095788630906,"heraclitopi","HERÁCLITO FORTES","PSB","PI","heraclitopi",NA,"resto"
0.0257766845969796,0.0349069256319889,"herculanopassos","HERCULANO PASSOS","PSD","SP","herculanopassos",NA,"resto"
0.0390101122289163,0.045777077835077,"heuler5500","HEULER CRUVINEL","PSD","GO","heuler5500",NA,"resto"
-0.265627918799627,0.00672479871930036,"hildorocha","HILDO ROCHA","PMDB","MA","hildorocha",NA,"PMDB"
0.192182335369179,-0.0468930088291466,"hissa_abrahao","HISSA ABRAHÃO","PPS","AM","hissa_abrahao",NA,"resto"
-0.107654731423993,0.0971164425942306,"hugomottapb","HUGO MOTTA","PMDB","PB","hugomottapb",NA,"PMDB"
-0.113107835349396,0.122226749856725,"indio","INDIO DA COSTA","PSD","RJ","indio",NA,"resto"
-0.0203755574353301,-0.0182750149767148,"iracemaportela","IRACEMA PORTELLA","PP","PI","iracemaportela",NA,"resto"
-0.12872168642044,0.0692261936293482,"irajaabreu","IRAJÁ ABREU","PSD","TO","irajaabreu",NA,"resto"
0.188594636708068,-0.0508383470002049,"irmaolazaro","IRMÃO LAZARO","PSC","BA","irmaolazaro",NA,"resto"
-0.0286180431768642,0.0480146575274235,"izalcilucas","IZALCI","PSDB","DF","izalcilucas",NA,"PSDB"
-0.158444021889176,0.0660677838439532,"jaiminhomartins","JAIME MARTINS","PSD","MG","jaiminhomartins",NA,"resto"
-0.26080277260645,-0.0995781957423856,"jandira_feghali","JANDIRA FEGHALI","PCdoB","RJ","jandira_feghali",NA,"resto"
0.0976729744175201,-0.146242543434593,"janetecapi","JANETE CAPIBERIBE","PSB","AP","janetecapi",NA,"resto"
0.137207620350443,0.0713488504063276,"jcastelo45","JOÃO CASTELO","PSDB","MA","jcastelo45",NA,"PSDB"
-0.0338263854263066,-0.100587096905108,"jeanwyllys_real","JEAN WYLLYS","PSOL","RJ","jeanwyllys_real",NA,"PSOL"
-0.12049290412732,0.127053682628947,"jeronimogoergen","JERÔNIMO GOERGEN","PP","RS","jeronimogoergen",NA,"resto"
-0.145745023526079,-0.16596541463778,"jfmargarida","MARGARIDA SALOMÃO","PT","MG","jfmargarida",NA,"PT"
0.0194274903925616,0.0742123115587997,"jfogaca1","JOSÉ FOGAÇA","PMDB","RS","jfogaca1",NA,"PMDB"
0.126299754916197,-0.0800857422336941,"jhonatan_djesus","JHONATAN DE JESUS","PRB","RR","jhonatan_djesus",NA,"resto"
-0.0285179685248871,0.0642461141464672,"jmaiafilho","MAINHA","SD","PI","jmaiafilho",NA,"resto"
0.00839078394314399,-0.0548742907814915,"joao_arruda","JOÃO ARRUDA","PMDB","PR","joao_arruda",NA,"PMDB"
0.0244145400537833,-0.0626571805522599,"joaoderly","JOÃO DERLY","PCdoB","RS","joaoderly",NA,"resto"
-0.0908792355472764,0.0513110663118895,"joaofernandope","JOÃO FERNANDO COUTINHO","PSB","PE","joaofernandope",NA,"resto"
-0.137121112789104,0.184602519840885,"joaoppapa","JOÃO PAULO PAPA","PSDB","SP","joaoppapa",NA,"PSDB"
0.136785185920129,0.0124381805971988,"joaorodriguessc","JOÃO RODRIGUES","PSD","SC","joaorodriguessc",NA,"resto"
0.0132855682421908,-0.124722344376122,"jomoraes","JÔ MORAES","PCdoB","MG","jomoraes",NA,"resto"
0.0932022357437223,-0.0342022194968776,"jorgecortereal","JORGE CÔRTE REAL","PTB","PE","jorgecortereal",NA,"resto"
0.0231249996263857,-0.0104626914017378,"jorginhomello","JORGINHO MELLO","PR","SC","jorginhomello",NA,"resto"
-0.235799971984872,-0.235635493597565,"joseairtonpt","JOSÉ AIRTON CIRILO","PT","CE","joseairtonpt",NA,"PT"
-0.174979824178551,-0.208376613675348,"jose_mentor","JOSÉ MENTOR","PT","SP","jose_mentor",NA,"PT"
0.181843295106532,-0.0289323279432132,"josenunesdep","JOSÉ NUNES","PSD","BA","josenunesdep",NA,"resto"
0.201278954311572,-0.0674091329225466,"josepriante","JOSÉ PRIANTE","PMDB","PA","josepriante",NA,"PMDB"
-0.203861204679269,-0.026331777117222,"josestedile","JOSE STÉDILE","PSB","RS","josestedile",NA,"resto"
0.00152840094230058,-0.00888515896415943,"josinunesto","JOSI NUNES","PMDB","TO","josinunesto",NA,"PMDB"
0.0070436278287732,0.0980033920415724,"josuebengtson","JOSUÉ BENGTSON","PTB","PA","josuebengtson",NA,"resto"
0.0412957781057745,-0.0460932571131739,"jotaviogermano","JOSÉ OTÁVIO GERMANO","PP","RS","jotaviogermano",NA,"resto"
0.116487581079817,-0.0462074772090035,"jovair1414","JOVAIR ARANTES","PTB","GO","jovair1414",NA,"resto"
-0.0551003282987311,0.193977403441768,"jtadeumudalen","JORGE TADEU MUDALEN","DEM","SP","jtadeumudalen",NA,"resto"
-0.0111653112049507,0.00338345286614876,"juliolopes_rj","JULIO LOPES","PP","RJ","juliolopes_rj",NA,"resto"
-0.279181338183247,0.051141171430472,"juniormarreca","JUNIOR MARRECA","PEN","MA","juniormarreca",NA,"resto"
0.0852535204771574,0.00647755941614729,"kaiocmmnf","KAIO MANIÇOBA","PHS","PE","kaiocmmnf",NA,"resto"
0.0326505280145063,0.0323381695328362,"keikoota_","KEIKO OTA","PSB","SP","keikoota_",NA,"resto"
0.166763947343492,-0.0766659912735877,"laerciofederal","LAERCIO OLIVEIRA","SD","SE","laerciofederal",NA,"resto"
-0.131259636887658,0.233619679906953,"laerte_bessa","LAERTE BESSA","PR","DF","laerte_bessa",NA,"resto"
0.0747171374030827,0.0148626972898603,"laudivioc","LAUDIVIO CARVALHO","PMDB","MG","laudivioc",NA,"PMDB"
0.0581952857531334,-0.185438600109916,"lazarobotelho","LÁZARO BOTELHO","PP","TO","lazarobotelho",NA,"resto"
-0.230034252361469,0.0301645812607033,"lcrbr","LUIZ CARLOS RAMOS","PSDC","RJ","lcrbr",NA,"resto"
0.106274284528371,-0.0988393802669533,"leandredaideal","LEANDRE","PV","PR","leandredaideal",NA,"resto"
-0.0293627525527652,0.0271627036079701,"lelocoimbra_","LELO COIMBRA","PMDB","ES","lelocoimbra_",NA,"PMDB"
-0.257522490022169,-0.161255512195249,"leodopt","LEO DE BRITO","PT","AC","leodopt",NA,"PT"
0.0266091614353476,-0.0106074794392635,"leonardoquintao","LEONARDO QUINTÃO","PMDB","MG","leonardoquintao",NA,"PMDB"
0.148970894504312,-0.0905706016427541,"leonidas9099","LEÔNIDAS CRISTINO","PROS","CE","leonidas9099",NA,"resto"
0.112376779206638,0.0138900334367406,"leopoldo_meyer","LEOPOLDO MEYER","PSB","PR","leopoldo_meyer",NA,"resto"
-0.188786243886703,0.222446802937143,"lexandreleite","ALEXANDRE LEITE","DEM","SP","lexandreleite",NA,"resto"
0.0465805478393037,-0.0848798789946684,"lincoln_portela","LINCOLN PORTELA","PR","MG","lincoln_portela",NA,"resto"
0.116994295544201,0.0417316036061081,"lucianoducci","LUCIANO DUCCI","PSB","PR","lucianoducci",NA,"resto"
0.111894965657972,0.0120811877800371,"luciovale22","LÚCIO VALE","PR","PA","luciovale22",NA,"resto"
0.12052738932967,0.023191116756094,"luciovl_","LUCIO VIEIRA LIMA","PMDB","BA","luciovl_",NA,"PMDB"
0.00436572905815235,0.0127816180125859,"luistibe","LUIS TIBÉ","PTdoB","MG","luistibe",NA,"resto"
-0.205046980765165,-0.078025757274771,"luiza_erundina","LUIZA ERUNDINA","PSB","SP","luiza_erundina",NA,"resto"
-0.176602184378804,-0.102318473176313,"luizcoutopt","LUIZ COUTO","PT","PB","luizcoutopt",NA,"PT"
0.00269222441005688,0.0687505304862893,"luizlaurofilho_","LUIZ LAURO FILHO","PSB","SP","luizlaurofilho_",NA,"resto"
0.169650314047422,0.0530203770217274,"luiznishimori","LUIZ NISHIMORI","PR","PR","luiznishimori",NA,"resto"
0.160486576355073,-0.0570667877337885,"magdamofatto","MAGDA MOFATTO","PR","GO","magdamofatto",NA,"resto"
0.192621330238373,-0.0624945707679324,"majorolimpio","MAJOR OLIMPIO","PDT","SP","majorolimpio",NA,"resto"
0.148161362987496,0.0139715234552821,"mandatobalestra","ROBERTO BALESTRA","PP","GO","mandatobalestra",NA,"resto"
0.0652885303306386,0.126591531641815,"maragabrilli","MARA GABRILLI","PSDB","SP","maragabrilli",NA,"PSDB"
0.0419419151152342,-0.016790464789508,"marceloaro","MARCELO ARO","PHS","MG","marceloaro",NA,"resto"
-0.0774278548833099,0.0931651041137103,"marcelobelinati","MARCELO BELINATI","PP","PR","marcelobelinati",NA,"resto"
0.201944668904637,-0.0516744537092182,"marcelocastropi","MARCELO CASTRO","PMDB","PI","marcelocastropi",NA,"PMDB"
-0.231842666437405,0.159699920122856,"marchezan_","NELSON MARCHEZAN JUNIOR","PSDB","RS","marchezan_",NA,"PSDB"
-0.100019740969704,-0.159632916708187,"marciomacedopt","MACEDO","PSL","CE","marciomacedopt",NA,"resto"
0.044090963838593,-0.189345672790088,"marcivania13","PROFESSORA MARCIVANIA","PT","AP","marcivania13",NA,"PT"
0.0599474485852698,0.138030169106557,"marcofeliciano","PR. MARCO FELICIANO","PSC","SP","marcofeliciano",NA,"resto"
-0.000989135091020191,0.0953545603886645,"marcosabraor","MARCOS ABRÃO","PPS","GO","marcosabraor",NA,"resto"
-0.0529410181738913,0.0213262329107396,"marcosrogeriodf","MARCOS ROGÉRIO","PDT","RO","marcosrogeriodf",NA,"resto"
0.159078687175563,-0.0530093055324174,"marcosrotta","MARCOS ROTTA","PMDB","AM","marcosrotta",NA,"PMDB"
0.204916421445144,-0.0348721853587271,"marcossoaresdep","MARCOS SOARES","PR","RJ","marcossoaresdep",NA,"resto"
-0.0252295180135704,0.220614019387673,"marcus_pestana","MARCUS PESTANA","PSDB","MG","marcus_pestana",NA,"PSDB"
-0.304839052122941,-0.136679277141687,"_mariadorosario","MARIA DO ROSÁRIO","PT","RS","_mariadorosario",NA,"PT"
0.0101817883778272,0.110394796185536,"marianapsdb","MARIANA CARVALHO","PSDB","RO","marianapsdb",NA,"PSDB"
-0.163072739983877,0.125905939437595,"marinaldorosend","MARINALDO ROSENDO","PSB","PE","marinaldorosend",NA,"resto"
0.00758053316495171,-0.0617433856224233,"mario_heringer","MÁRIO HERINGER","PDT","MG","mario_heringer",NA,"resto"
-0.20246870296046,0.0402906345249743,"marquezellinews","NELSON MARQUEZELLI","PTB","SP","marquezellinews",NA,"resto"
0.112622488950288,0.0292904804783985,"mauro_mariani","MAURO MARIANI","PMDB","SC","mauro_mariani",NA,"PMDB"
0.196026905163679,-0.0351506054845435,"maxmaurofilho","MAX FILHO","PSDB","ES","maxmaurofilho",NA,"PSDB"
0.0928997190787727,-0.00711130497889497,"mendesmarquinho","MARQUINHO MENDES","PMDB","RJ","mendesmarquinho",NA,"PMDB"
0.0463946017210716,0.139870262259945,"mendonca_filho","MENDONÇA FILHO","DEM","PE","mendonca_filho",NA,"resto"
-0.182889954047744,0.159450502319162,"mhelenaveronese","MARIA HELENA","PSB","RR","mhelenaveronese",NA,"resto"
0.181738671026838,-0.0498866873614936,"miroteixeira","MIRO TEIXEIRA","PROS","RJ","miroteixeira",NA,"resto"
0.14528100133616,0.00734677880165864,"misaelvarella","MISAEL VARELLA","DEM","MG","misaelvarella",NA,"resto"
0.168776111373402,-0.0843501228510759,"mobiliza15","VENEZIANO VITAL DO RÊGO","PMDB","PB","mobiliza15",NA,"PMDB"
-0.182440278902463,-0.253348914844649,"moemagramacho","MOEMA GRAMACHO","PT","BA","moemagramacho",NA,"PT"
0.0432022860787697,0.0788006025005981,"mtebaldi","MARCO TEBALDI","PSDB","SC","mtebaldi",NA,"PSDB"
-0.0789214260403719,0.102061677198614,"netto_expedito","EXPEDITO NETTO","SD","RO","netto_expedito",NA,"resto"
-0.199909641044578,0.138370200372805,"newton1510","NEWTON CARDOSO JR","PMDB","MG","newton1510",NA,"PMDB"
-0.134106565463055,-0.244304753461447,"nilocicero ",NA,NA,NA,NA,NA,NA
0.0824196540870564,0.133913478085304,"nilson_leitao","NILSON LEITÃO","PSDB","MT","nilson_leitao",NA,"PSDB"
-0.270630310739354,-0.189760463591737,"niltotatto","NILTO TATTO","PT","SP","niltotatto",NA,"PT"
0.104407039661585,0.11583570303539,"odelmoleao","ODELMO LEÃO","PP","MG","odelmoleao",NA,"resto"
-0.258351442930175,-0.116825296579135,"odoricomonteiro","ODORICO MONTEIRO","PT","CE","odoricomonteiro",NA,"PT"
0.039388344583131,0.114801858259606,"oficial_goulart","GOULART","PSD","SP","oficial_goulart",NA,"resto"
-0.038812794376029,0.193988473731628,"onyxlorenzoni","ONYX LORENZONI","DEM","RS","onyxlorenzoni",NA,"resto"
0.0804505327017347,0.0516090030769051,"opedrofernandes","PEDRO FERNANDES","PTB","MA","opedrofernandes",NA,"resto"
-0.308190544254334,-0.110584311242072,"orlandosilva_jr","ORLANDO SILVA","PCdoB","SP","orlandosilva_jr",NA,"resto"
0.148561925098858,-0.0658347021968834,"osmar_serraglio","OSMAR SERRAGLIO","PMDB","PR","osmar_serraglio",NA,"PMDB"
-0.181220381879854,0.135460028654188,"osmarterra","OSMAR TERRA","PMDB","RS","osmarterra",NA,"PMDB"
0.0694118362108562,0.130001083777056,"otavioleite","OTAVIO LEITE","PSDB","RJ","otavioleite",NA,"PSDB"
-0.296199679043209,0.308475065956813,"passarinho5555","JOAQUIM PASSARINHO","PSD","PA","passarinho5555",NA,"resto"
0.198207551827119,-0.0686840850928216,"pastoreurico","PASTOR EURICO","PSB","PE","pastoreurico",NA,"resto"
0.196578190718915,-0.0588237347130009,"pastortakayama","TAKAYAMA","PSC","PR","pastortakayama",NA,"resto"
0.0135230582090568,0.170526249358009,"pauderney","PAUDERNEY AVELINO","DEM","AM","pauderney",NA,"resto"
-0.261470520560178,-0.111887160797634,"paulaodopt","PAULÃO","PT","AL","paulaodopt",NA,"PT"
0.0741129104168902,0.154289960389644,"pauloabiackel","PAULO ABI-ACKEL","PSDB","MG","pauloabiackel",NA,"PSDB"
0.0911274149226056,0.0318465339084411,"pauloazi","PAULO AZI","DEM","BA","pauloazi",NA,"resto"
0.0685010402189795,-0.0511063161946393,"paulofeijo2288","PAULO FEIJÓ","PR","RJ","paulofeijo2288",NA,"resto"
0.105565709426653,-0.0364415659122502,"_paulomagalhaes","PAULO MAGALHÃES","PSD","BA","_paulomagalhaes",NA,"resto"
0.035811043637438,0.10190772077633,"paulosalimmaluf","PAULO MALUF","PP","SP","paulosalimmaluf",NA,"resto"
-0.234748993972082,-0.146802884945859,"pauloteixeira13","PAULO TEIXEIRA","PT","SP","pauloteixeira13",NA,"PT"
0.206356205859962,-0.0534681866795584,"pedrocloficial",NA,NA,NA,NA,NA,NA
-0.244140675390311,0.0853708728008225,"pompeodemattos","POMPEO DE MATTOS","PDT","RS","pompeodemattos",NA,"resto"
0.0854513922560442,-0.110088477561232,"pradoweliton","WELITON PRADO","PT","MG","pradoweliton",NA,"PT"
-0.223078974988964,-0.347851166437479,"prascidelli","VALMIR PRASCIDELLI","PT","SP","prascidelli",NA,"PT"
0.0664111692013511,0.0134892628004437,"rafaelmottarn","RAFAEL MOTTA","PROS","RN","rafaelmottarn",NA,"resto"
-0.241512244101457,-0.0890208893711173,"RaimundoAngelim","ANGELIM","PT","AC","RaimundoAngelim",NA,"PT"
-0.0035628570106109,0.140594573003026,"raimundo_matos","RAIMUNDO GOMES DE MATOS","PSDB","CE","raimundo_matos",NA,"PSDB"
0.199752512383897,-0.0540878436121346,"raquel_muniz","RAQUEL MUNIZ","PSC","MG","raquel_muniz",NA,"resto"
0.0339738613969098,0.0967723493792357,"raul_jungmann","RAUL JUNGMANN","PPS","PE","raul_jungmann",NA,"resto"
-0.106663244440413,-0.118127670614446,"reginaldolopes","REGINALDO LOPES","PT","MG","reginaldolopes",NA,"PT"
0.143341115167057,0.0589746671662774,"remidiomonai","REMÍDIO MONAI","PR","RR","remidiomonai",NA,"resto"
0.0187810103487625,0.0513902687679076,"renataabreuptn","RENATA ABREU","PTN","SP","renataabreuptn",NA,"resto"
-0.137156647147367,0.0285670518872004,"renatomolling","RENATO MOLLING","PP","RS","renatomolling",NA,"resto"
-0.0105026225235963,0.153511736338047,"ricardobarrospp","RICARDO BARROS","PP","PR","ricardobarrospp",NA,"resto"
0.096091060272025,-0.0312266939404224,"ricardoizar","RICARDO IZAR","PSD","SP","ricardoizar",NA,"resto"
-0.0499665784373771,0.21264892780537,"ricardotripoli","RICARDO TRIPOLI","PSDB","SP","ricardotripoli",NA,"PSDB"
0.0350700671303076,0.175661346373713,"rodrigocastro45","RODRIGO DE CASTRO","PSDB","MG","rodrigocastro45",NA,"PSDB"
-0.00769214535309487,0.241712742654016,"rodrigogarcia_","RODRIGO GARCIA","DEM","SP","rodrigogarcia_",NA,"resto"
0.106084748712786,0.0110858754720192,"rodrigopsb","RODRIGO MARTINS","PSB","PI","rodrigopsb",NA,"resto"
0.0294197202714251,0.0137500575030271,"rogeriorossodf","ROGÉRIO ROSSO","PSD","DF","rogeriorossodf",NA,"resto"
0.0863288681980053,0.118889693498653,"rogeriosmarinho","ROGÉRIO MARINHO","PSDB","RN","rogeriosmarinho",NA,"PSDB"
0.109106574491839,0.0502569744248396,"roman_evandro","EVANDRO ROMAN","PSD","PR","roman_evandro",NA,"resto"
0.068131243404878,0.0937057013509474,"romulogouveia","RÔMULO GOUVEIA","PSD","PB","romulogouveia",NA,"resto"
0.0847342558574263,-0.0550641010547759,"_ronaldolessa","RONALDO LESSA","PDT","AL","_ronaldolessa",NA,"resto"
0.195282605583823,-0.0781627094917318,"ronaldoprb10","RONALDO MARTINS","PRB","CE","ronaldoprb10",NA,"resto"
-0.07603164037016,0.0752856687560721,"ronaldornrn","RONALDO NOGUEIRA","PTB","RS","ronaldornrn",NA,"resto"
0.0547029101988308,-0.0245565670320343,"roneynemer","RONEY NEMER","PMDB","DF","roneynemer",NA,"PMDB"
0.0481906152034315,-0.0376466680977851,"rosangelasgomes","ROSANGELA GOMES","PRB","RJ","rosangelasgomes",NA,"resto"
0.0358629861524968,0.199917291960595,"rossoni","ROSSONI","PSDB","PR","rossoni",NA,"PSDB"
0.0290428049446605,0.181816154299888,"rubensbuenopps","RUBENS BUENO","PPS","PR","rubensbuenopps",NA,"resto"
0.0102353154798695,-0.214059495742144,"rubensotoni","RUBENS OTONI","PT","GO","rubensotoni",NA,"PT"
0.117613444347848,-0.0532875934463105,"rubenspereirajr","RUBENS PEREIRA JÚNIOR","PCdoB","MA","rubenspereirajr",NA,"resto"
-0.181862498023182,-0.331773728303046,"saguasmoraes","SÁGUAS MORAES","PT","MT","saguasmoraes",NA,"PT"
-0.123616672701533,0.212907936991085,"samuelmoreira","SAMUEL MOREIRA","PSDB","SP","samuelmoreira",NA,"PSDB"
0.0614837768347499,0.00936880597465515,"sandes_junior","SANDES JÚNIOR","PP","GO","sandes_junior",NA,"resto"
0.0204647405366698,0.0506334768607178,"sandroalex2323","SANDRO ALEX","PPS","PR","sandroalex2323",NA,"resto"
0.143464444301874,-0.0343822708869336,"sarneyfilho","SARNEY FILHO","PV","MA","sarneyfilho",NA,"resto"
0.194504184728404,-0.0620588235161497,"sergiobreis","SÉRGIO REIS","PRB","SP","sergiobreis",NA,"resto"
-0.145281554586728,0.0576979340174115,"_sergiosouza","SERGIO SOUZA","PMDB","PR","_sergiosouza",NA,"PMDB"
-0.307346103861875,-0.121768946282235,"sibamachado13","SIBÁ MACHADO","PT","AC","sibamachado13",NA,"PT"
0.175494421902221,-0.053747503616487,"silasbrasileir","SILAS BRASILEIRO","PMDB","MG","silasbrasileir",NA,"PMDB"
-0.00502521718051628,0.0529748899760768,"silascamara_","SILAS CÂMARA","PSD","AM","silascamara_",NA,"resto"
0.168162068702571,-0.00724084972147116,"silasfreire","SILAS FREIRE","PR","PI","silasfreire",NA,"resto"
0.00392162327288726,0.125666279949808,"_silviotorres_","SILVIO TORRES","PSDB","SP","_silviotorres_",NA,"PSDB"
0.0653393049636646,-0.0803259626288785,"simao_sessim","SIMÃO SESSIM","PP","RJ","simao_sessim",NA,"resto"
0.0448341378600108,-0.029293964125897,"simone_morgado","SIMONE MORGADO","PMDB","PA","simone_morgado",NA,"PMDB"
0.187336345435772,-0.0558818838704615,"subgonzagamg","SUBTENENTE GONZAGA","PDT","MG","subgonzagamg",NA,"resto"
0.044595131826822,-0.00581128089498426,"terezacrisms","TEREZA CRISTINA","PSB","MS","terezacrisms",NA,"resto"
0.134432627726652,-0.122486790397195,"tiaeron","TIA ERON","PRB","BA","tiaeron",NA,"resto"
-0.0154779476970187,-0.0174237196998233,"torrespsd5528","FERNANDO TORRES","PSD","BA","torrespsd5528",NA,"resto"
0.157830350403136,-0.121982396318798,"uczai","PEDRO UCZAI","PT","SC","uczai",NA,"PT"
-0.125813024201651,0.154103418238247,"ulduricojunior","ULDURICO JUNIOR","PTC","BA","ulduricojunior",NA,"resto"
0.151859354533399,-0.139006473786036,"valadares_filho","VALADARES FILHO","PSB","SE","valadares_filho",NA,"resto"
0.0421184066046543,-0.205326061474669,"valmirassuncao","VALMIR ASSUNÇÃO","PT","BA","valmirassuncao",NA,"PT"
0.00806383841407176,-0.180399678900111,"vanderfazmais","VANDER LOUBET","PT","MS","vanderfazmais",NA,"PT"
0.00203083294751008,0.210714299375236,"vanderleimacris","VANDERLEI MACRIS","PSDB","SP","vanderleimacris",NA,"PSDB"
0.161303988131691,-0.0102351205876624,"vergiliolucas77","LUCAS VERGILIO","SD","GO","vergiliolucas77",NA,"resto"
-0.287218626173217,-0.198568391514838,"vicente_candido","VICENTE CANDIDO","PT","SP","vicente_candido",NA,"PT"
0.142765778663732,-0.114476902580039,"vicentemarcus","MARCUS VICENTE","PP","ES","vicentemarcus",NA,"resto"
0.0018089722544825,0.0113535609397136,"vicentinhojr","VICENTINHO JÚNIOR","PSB","TO","vicentinhojr",NA,"resto"
-0.0823846834503644,-0.169549387073336,"vicentinhopt","VICENTINHO","PT","SP","vicentinhopt",NA,"PT"
-0.0441820478556125,-0.248613380674517,"victoriogalli","PROFESSOR VICTÓRIO GALLI","PSC","MT","victoriogalli",NA,"resto"
0.193732859748143,-0.0609393902511984,"victormendesma","VICTOR MENDES","PV","MA","victormendesma",NA,"resto"
-0.141995144061323,0.207224003583403,"vilelapedro","PEDRO VILELA","PSDB","AL","vilelapedro",NA,"PSDB"
0.151046469413118,-0.108380104445874,"vitorvalim","VITOR VALIM","PMDB","CE","vitorvalim",NA,"PMDB"
-0.206584999288113,-0.303986111647539,"wadih_damous","WADIH DAMOUS","PT","RJ","wadih_damous",NA,"PT"
-0.163254693842473,-0.117466877063921,"wadson_ribeiro","WADSON RIBEIRO","PCdoB","MG","wadson_ribeiro",NA,"resto"
0.0743870552831366,-0.179348372350268,"waldenorpereira","WALDENOR PEREIRA","PT","BA","waldenorpereira",NA,"PT"
-0.0352511214474482,-0.0361375529543647,"waldirmaranhao","WALDIR MARANHÃO","PP","MA","waldirmaranhao",NA,"resto"
0.0366246910602323,0.0563857330384909,"walneyrocha","WALNEY ROCHA","PTB","RJ","walneyrocha",NA,"resto"
-0.203871435482341,0.0854670933858675,"walteralvesrn","WALTER ALVES","PMDB","RN","walteralvesrn",NA,"PMDB"
0.15771523470715,0.0424975989134403,"walterihoshi","WALTER IHOSHI","PSD","SP","walterihoshi",NA,"resto"
0.0552447921583195,-0.0687756616215333,"wevertonrocha","WEVERTON ROCHA","PDT","MA","wevertonrocha",NA,"resto"
0.02450951343557,-0.0759257647952526,"zveitersergio","SERGIO ZVEITER","PSD","RJ","zveitersergio",NA,"resto"
